artist_id,artist_name,album_id,album_name,album_release,track_id,track_name
23619,lil wayne,49034517,Sorry 4 The Wait,2022-01-14,229155250,Cameras (feat. Allan Cubas)
23619,lil wayne,49034517,Sorry 4 The Wait,2022-01-14,229155251,Lil Romeo
23619,lil wayne,49034517,Sorry 4 The Wait,2022-01-14,229155252,Anti-Hero (feat. Lil Tecca)
23619,lil wayne,49034517,Sorry 4 The Wait,2022-01-14,229155253,Bleu Snappin'
23619,lil wayne,49034517,Sorry 4 The Wait,2022-01-14,229155254,Tunechi's Back
23619,lil wayne,49034517,Sorry 4 The Wait,2022-01-14,229155255,Tunechi Rollin'
23619,lil wayne,49034517,Sorry 4 The Wait,2022-01-14,229155257,One Big Room
23619,lil wayne,49034517,Sorry 4 The Wait,2022-01-14,229155258,Tunechi's Room
23619,lil wayne,49034517,Sorry 4 The Wait,2022-01-14,229155259,Twist Made Me
23619,lil wayne,49034517,Sorry 4 The Wait,2022-01-14,229155260,Grove Party (feat. Lil B)
23619,lil wayne,49034517,Sorry 4 The Wait,2022-01-14,229155261,Rax
23619,lil wayne,49034517,Sorry 4 The Wait,2022-01-14,229155263,Hands Up (My Last)
23619,lil wayne,49034517,Sorry 4 The Wait,2022-01-14,229155264,Sorry 4 The Wait
23619,lil wayne,49034517,Sorry 4 The Wait,2022-01-14,229155265,"YM Inkredible (feat. Thugga, Raw Dizzzy, Flow & T@)"
23619,lil wayne,49034517,Sorry 4 The Wait,2022-01-14,229155266,IDK
23619,lil wayne,47319438,Ya Dig - Single,2021-10-07,224347773,Ya Dig
23619,lil wayne,47319438,Ya Dig - Single,2021-10-07,224347774,Ya Dig
23619,lil wayne,41355776,Ain't Got Time (feat. Fousheé) - Single,2021-01-21,206622362,Ain't Got Time (feat. Fousheé)
23619,lil wayne,41355770,Ain't Got Time (feat. Fousheé) - Single,2021-01-21,206622348,Ain't Got Time (feat. Fousheé)
23619,lil wayne,41333556,Green and Yellow (Green Bay Packers Theme Song) - Single,2021-01-16,206559756,Green and Yellow (Green Bay Packers Theme Song)
23619,lil wayne,43718951,What's a Goon to a Goblin?,2020-10-28,213393012,Funeral
23619,lil wayne,43718951,What's a Goon to a Goblin?,2020-10-28,213393014,Darkside
23619,lil wayne,43718951,What's a Goon to a Goblin?,2020-10-28,213393016,Fireman
23619,lil wayne,43718951,What's a Goon to a Goblin?,2020-10-28,213393020,Nightmares Of The Bottom
23619,lil wayne,43718951,What's a Goon to a Goblin?,2020-10-28,213393025,6 Foot 7 Foot
23619,lil wayne,43718951,What's a Goon to a Goblin?,2020-10-28,213393030,Steady Mobbin
23619,lil wayne,43718951,What's a Goon to a Goblin?,2020-10-28,213393031,Bastard (Satan's Kid)
23619,lil wayne,43735712,Thief In The Night,2020-10-27,213522705,Mona Lisa (feat. Kendrick Lamar)
23619,lil wayne,43735712,Thief In The Night,2020-10-27,213522711,So Special
23619,lil wayne,43735712,Thief In The Night,2020-10-27,213522715,She Will
23619,lil wayne,43735712,Thief In The Night,2020-10-27,213522723,I'm Single
23619,lil wayne,43735712,Thief In The Night,2020-10-27,213522731,Pussy Monster
23619,lil wayne,43735712,Thief In The Night,2020-10-27,213522741,Demon
23619,lil wayne,40243238,NFL (feat. Gudda Gudda & Hoodybaby) - Single,2020-10-05,203230321,NFL (feat. Gudda Gudda & HoodyBaby)
23619,lil wayne,40131023,Tha Carter V (Deluxe),2020-09-25,202790412,Life Of Mr. Carter
23619,lil wayne,40131023,Tha Carter V (Deluxe),2020-09-25,202790414,Holy
23619,lil wayne,40131023,Tha Carter V (Deluxe),2020-09-25,202790419,Scottie
23619,lil wayne,40131023,Tha Carter V (Deluxe),2020-09-25,202790421,F Him Good
23619,lil wayne,40131023,Tha Carter V (Deluxe),2020-09-25,202790423,Siri (feat. 2 Chainz)
23619,lil wayne,40131023,Tha Carter V (Deluxe),2020-09-25,202790444,Lost
23619,lil wayne,40131023,Tha Carter V (Deluxe),2020-09-25,202790446,In This House (feat. Gucci Mane)
23619,lil wayne,40131023,Tha Carter V (Deluxe),2020-09-25,202790451,What About Me (feat. Post Malone)
23619,lil wayne,40131023,Tha Carter V (Deluxe),2020-09-25,202790480,Hasta La Vista
23619,lil wayne,40131023,Tha Carter V (Deluxe),2020-09-25,202790495,I Love You Dwayne
23619,lil wayne,40131023,Tha Carter V (Deluxe),2020-09-25,202790498,Don't Cry (feat. XXXTENTACION)
23619,lil wayne,40131023,Tha Carter V (Deluxe),2020-09-25,202790517,Dedicate
23619,lil wayne,40131023,Tha Carter V (Deluxe),2020-09-25,202790545,Uproar (feat. Swizz Beatz)
23619,lil wayne,40131023,Tha Carter V (Deluxe),2020-09-25,202790556,Let It Fly (feat. Travis Scott)
23619,lil wayne,40131023,Tha Carter V (Deluxe),2020-09-25,202790562,Can't Be Broken
23619,lil wayne,40131023,Tha Carter V (Deluxe),2020-09-25,202790572,Dark Side Of The Moon (feat. Nicki Minaj)
23619,lil wayne,40131023,Tha Carter V (Deluxe),2020-09-25,202790575,Mona Lisa (feat. Kendrick Lamar)
23619,lil wayne,40131023,Tha Carter V (Deluxe),2020-09-25,202790580,What About Me (feat. Sosamann)
23619,lil wayne,40131023,Tha Carter V (Deluxe),2020-09-25,202790587,Open Letter
23619,lil wayne,40131023,Tha Carter V (Deluxe),2020-09-25,202790598,Famous (feat. Reginae Carter)
23619,lil wayne,40206324,Tha Carter V (Deluxe),2020-09-25,203087760,Life Of Mr. Carter
23619,lil wayne,40206324,Tha Carter V (Deluxe),2020-09-25,203087761,Holy
23619,lil wayne,40206324,Tha Carter V (Deluxe),2020-09-25,203087762,More To The Story (feat. Raekwon)
23619,lil wayne,40206324,Tha Carter V (Deluxe),2020-09-25,203087763,Scottie
23619,lil wayne,40206324,Tha Carter V (Deluxe),2020-09-25,203087764,F Him Good
23619,lil wayne,40206324,Tha Carter V (Deluxe),2020-09-25,203087765,Siri (feat. 2 Chainz)
23619,lil wayne,40206324,Tha Carter V (Deluxe),2020-09-25,203087766,Lost
23619,lil wayne,40206324,Tha Carter V (Deluxe),2020-09-25,203087767,In This House (feat. Gucci Mane)
23619,lil wayne,40206324,Tha Carter V (Deluxe),2020-09-25,203087768,What About Me (feat. Post Malone)
23619,lil wayne,40206324,Tha Carter V (Deluxe),2020-09-25,203087770,Hasta La Vista
23619,lil wayne,40206324,Tha Carter V (Deluxe),2020-09-25,203087771,I Love You Dwayne
23619,lil wayne,40206324,Tha Carter V (Deluxe),2020-09-25,203087772,Don't Cry (feat. XXXTENTACION)
23619,lil wayne,40206324,Tha Carter V (Deluxe),2020-09-25,203087773,Dedicate
23619,lil wayne,40206324,Tha Carter V (Deluxe),2020-09-25,203087774,Uproar (feat. Swizz Beatz)
23619,lil wayne,40206324,Tha Carter V (Deluxe),2020-09-25,203087775,Let It Fly (feat. Travis Scott)
23619,lil wayne,40206324,Tha Carter V (Deluxe),2020-09-25,203087776,Can't Be Broken
23619,lil wayne,40206324,Tha Carter V (Deluxe),2020-09-25,203087777,Dark Side Of The Moon (feat. Nicki Minaj)
23619,lil wayne,40206324,Tha Carter V (Deluxe),2020-09-25,203087778,Mona Lisa (feat. Kendrick Lamar)
23619,lil wayne,40206324,Tha Carter V (Deluxe),2020-09-25,203087779,What About Me (feat. Sosamann)
23619,lil wayne,40206324,Tha Carter V (Deluxe),2020-09-25,203087781,Open Letter
37700,t.A.T.u.,39769383,Waste Management,2020-08-28,201756032,White Robe
37700,t.A.T.u.,39769383,Waste Management,2020-08-28,201756033,You and I
37700,t.A.T.u.,39769383,Waste Management,2020-08-28,201756034,Sparks
37700,t.A.T.u.,39769383,Waste Management,2020-08-28,201756036,Snowfalls
37700,t.A.T.u.,39769383,Waste Management,2020-08-28,201756038,Martian Eyes
37700,t.A.T.u.,39769383,Waste Management,2020-08-28,201756039,Little People
37700,t.A.T.u.,39769383,Waste Management,2020-08-28,201756042,Running Blind
37700,t.A.T.u.,39769383,Waste Management,2020-08-28,201756043,Fly on the Wall
37700,t.A.T.u.,39769383,Waste Management,2020-08-28,201756044,Time of the Moon
37700,t.A.T.u.,39769383,Waste Management,2020-08-28,201756045,Don't Regret
37700,t.A.T.u.,39769383,Waste Management,2020-08-28,201756047,Running Blind (Transformer Remix)
37700,t.A.T.u.,39769383,Waste Management,2020-08-28,201756048,Don't Regret (Sniper Remix)
37700,t.A.T.u.,39454777,Believe in Goodbyes,2020-07-31,200844867,Believe in Goodbyes
37700,t.A.T.u.,36625659,Truth (Live in St. Petersburg),2020-01-28,191896677,Dangerous and Moving / Lyudi Invalidy - Live
37700,t.A.T.u.,36625659,Truth (Live in St. Petersburg),2020-01-28,191896678,All About Us - Live
37700,t.A.T.u.,36625659,Truth (Live in St. Petersburg),2020-01-28,191896679,Loves Me Not - Live
37700,t.A.T.u.,36625659,Truth (Live in St. Petersburg),2020-01-28,191896680,Sacrifice - Live
37700,t.A.T.u.,36625659,Truth (Live in St. Petersburg),2020-01-28,191896681,Nichya - Live
37700,t.A.T.u.,36625659,Truth (Live in St. Petersburg),2020-01-28,191896682,Friend or Foe - Live
37700,t.A.T.u.,36625659,Truth (Live in St. Petersburg),2020-01-28,191896683,Chto Ne Hvataet - Live
37700,t.A.T.u.,36625659,Truth (Live in St. Petersburg),2020-01-28,191896684,Obezyanka Nol - Live
37700,t.A.T.u.,36625659,Truth (Live in St. Petersburg),2020-01-28,191896685,Cosmos - Live
37700,t.A.T.u.,36625659,Truth (Live in St. Petersburg),2020-01-28,191896686,Gomenasai - Live
37700,t.A.T.u.,36625659,Truth (Live in St. Petersburg),2020-01-28,191896687,Novaya Model / Perfect Enemy - Live
37700,t.A.T.u.,36625659,Truth (Live in St. Petersburg),2020-01-28,191896688,Show Me Love - Live
37700,t.A.T.u.,36625659,Truth (Live in St. Petersburg),2020-01-28,191896689,How Soon Is Now? - Live
37700,t.A.T.u.,36625659,Truth (Live in St. Petersburg),2020-01-28,191896690,30 Minut / 30 Minutes - Live
37700,t.A.T.u.,36625659,Truth (Live in St. Petersburg),2020-01-28,191896691,Nas Ne Dogonyat / Not Gonna Get Us - Live
37700,t.A.T.u.,36625659,Truth (Live in St. Petersburg),2020-01-28,191896692,"Ne Ver', Ne Boisya, Ne Prosi - Live"
37700,t.A.T.u.,36625659,Truth (Live in St. Petersburg),2020-01-28,191896693,Ya Soshla S Uma / All the Things She Said - Live
37700,t.A.T.u.,36625659,Truth (Live in St. Petersburg),2020-01-28,191896694,Dangerous and Moving - Live
37700,t.A.T.u.,36625659,Truth (Live in St. Petersburg),2020-01-28,191896695,All About Us / Encore - Live
37700,t.A.T.u.,36871303,Nichya (Live),2020-01-22,193093492,Nichya (Live)
37700,t.A.T.u.,17236060,Waste Management,2013-12-10,54854622,White Robe
37700,t.A.T.u.,17236060,Waste Management,2013-12-10,54854623,You & I
37700,t.A.T.u.,17236060,Waste Management,2013-12-10,54854624,Sparks
37700,t.A.T.u.,17236060,Waste Management,2013-12-10,54854625,Snowfalls
37700,t.A.T.u.,17236060,Waste Management,2013-12-10,54854626,Martian Eyes
37700,t.A.T.u.,17236060,Waste Management,2013-12-10,54854627,Little People
37700,t.A.T.u.,17236060,Waste Management,2013-12-10,54854629,Running Blind
37700,t.A.T.u.,17236060,Waste Management,2013-12-10,54854630,Fly On the Wall
37700,t.A.T.u.,17236060,Waste Management,2013-12-10,54854631,Time of the Moon
37700,t.A.T.u.,17236060,Waste Management,2013-12-10,54854632,Don't Regret
37700,t.A.T.u.,17236060,Waste Management,2013-12-10,54854633,White Robe (Fly_Dream Remix)
37700,t.A.T.u.,17236060,Waste Management,2013-12-10,54854634,Running Blind (Transformer Remix)
37700,t.A.T.u.,17236060,Waste Management,2013-12-10,54854635,Don't Regret (Sniper Remix)
37700,t.A.T.u.,26932482,New model,2011-06-28,136651726,Monkey zero
37700,t.A.T.u.,26932482,New model,2011-06-28,136651727,Loves Me Not
37700,t.A.T.u.,26932482,New model,2011-06-28,136651729,Do you agree
37700,t.A.T.u.,26932482,New model,2011-06-28,136651731,All my love
37700,t.A.T.u.,26932482,New model,2011-06-28,136651732,All about Us
37700,t.A.T.u.,15722984,Waste Management Remixes 2,2011-02-17,37177494,Ne Zhaley (Muravski Remix)
37700,t.A.T.u.,15722984,Waste Management Remixes 2,2011-02-17,37177495,White Robe (Anair Remix)
37700,t.A.T.u.,15722984,Waste Management Remixes 2,2011-02-17,37177496,Time of the Moon (Magø's Lunar Lander Remix)
37700,t.A.T.u.,15722984,Waste Management Remixes 2,2011-02-17,37177497,White Robe (Shinigami's Kitchen Remix)
37700,t.A.T.u.,15722984,Waste Management Remixes 2,2011-02-17,37177498,Chelovechki Distorted Remix
37700,t.A.T.u.,15722984,Waste Management Remixes 2,2011-02-17,37177499,Don't Regret (Adir Remix)
37700,t.A.T.u.,15722984,Waste Management Remixes 2,2011-02-17,37177500,Time of the Moon (Aimoon Psy-Trance Remix)
37700,t.A.T.u.,15722984,Waste Management Remixes 2,2011-02-17,37177501,"Не Жалей Ты Белый Плащик. Don't Regret, White Robe, Time of the Moon Potpourri"
37700,t.A.T.u.,15722983,Waste Management Remixes 1,2011-02-17,37177486,Time of the Moon (Jamcat Jr. Rmx)
37700,t.A.T.u.,15722983,Waste Management Remixes 1,2011-02-17,37177487,Little People (Jamcat Jr. Rmx)
37700,t.A.T.u.,15722983,Waste Management Remixes 1,2011-02-17,37177489,Ne Zhaley (Korobki-Mix)
37700,t.A.T.u.,15722983,Waste Management Remixes 1,2011-02-17,37177490,Time of the Moon Dub Remix
37700,t.A.T.u.,15722983,Waste Management Remixes 1,2011-02-17,37177491,Don't Regret (Schecter Remix)
37700,t.A.T.u.,15722983,Waste Management Remixes 1,2011-02-17,37177492,Time of the Moon (Baraka Rmx)
37700,t.A.T.u.,15722983,Waste Management Remixes 1,2011-02-17,37177493,Time of the Moon (Alex Theory & Gaudi Remix)
93263,Lil Jon,30949370,All I Really Want For Christmas (feat. Kool-Aid Man),2018-12-14,162793118,All I Really Want For Christmas (feat. Kool-Aid Man)
93263,Lil Jon,30885559,All I Really Want For Christmas (feat. Kool-Aid Man) - Single,2018-12-14,162484278,All I Really Want For Christmas (feat. Kool-Aid Man)
93263,Lil Jon,30879720,All I Really Want For Christmas,2018-12-14,162449177,All I Really Want For Christmas
234,Papa Roach,54143182,No Apologies (Acoustic),2022-09-09,245441872,No Apologies - Acoustic
234,Papa Roach,54143182,No Apologies (Acoustic),2022-09-09,245441873,No Apologies
234,Papa Roach,53709791,Ego Trip Chronicles: SELF-AWARE,2022-08-12,244155680,No Apologies
234,Papa Roach,53709791,Ego Trip Chronicles: SELF-AWARE,2022-08-12,244155686,Unglued
234,Papa Roach,53709791,Ego Trip Chronicles: SELF-AWARE,2022-08-12,244155693,Always Wandering
234,Papa Roach,53709791,Ego Trip Chronicles: SELF-AWARE,2022-08-12,244155696,I Surrender
234,Papa Roach,53709791,Ego Trip Chronicles: SELF-AWARE,2022-08-12,244155700,Leave a Light On
234,Papa Roach,49969232,Ego Trip,2022-04-08,231635526,Kill The Noise
234,Papa Roach,49969232,Ego Trip,2022-04-08,231635527,Stand Up
234,Papa Roach,49969232,Ego Trip,2022-04-08,231635528,Swerve (feat. FEVER 333 & Sueco)
234,Papa Roach,49969232,Ego Trip,2022-04-08,231635529,Bloodline
234,Papa Roach,49969232,Ego Trip,2022-04-08,231635530,Liar
234,Papa Roach,49969232,Ego Trip,2022-04-08,231635531,Ego Trip
234,Papa Roach,49969232,Ego Trip,2022-04-08,231635532,Unglued
234,Papa Roach,49969232,Ego Trip,2022-04-08,231635533,Dying To Believe
234,Papa Roach,49969232,Ego Trip,2022-04-08,231635534,Killing Time
234,Papa Roach,49969232,Ego Trip,2022-04-08,231635535,Leave a Light On
234,Papa Roach,49969232,Ego Trip,2022-04-08,231635536,Always Wandering
234,Papa Roach,49969232,Ego Trip,2022-04-08,231635537,No Apologies
234,Papa Roach,49969232,Ego Trip,2022-04-08,231635538,Cut The Line
234,Papa Roach,49969232,Ego Trip,2022-04-08,231635539,I Surrender
234,Papa Roach,49965523,Cut The Line,2022-03-01,231627157,Cut The Line
234,Papa Roach,49965523,Cut The Line,2022-03-01,231627158,Stand Up
234,Papa Roach,49965523,Cut The Line,2022-03-01,231627159,Dying To Believe
234,Papa Roach,49965523,Cut The Line,2022-03-01,231627160,Kill The Noise
234,Papa Roach,49965523,Cut The Line,2022-03-01,231627161,Swerve (feat. FEVER 333 & Sueco)
234,Papa Roach,49562599,Stand Up - Single,2022-01-31,230581737,Stand Up
234,Papa Roach,49261701,Stand Up - Single,2022-01-21,229765802,Stand Up
234,Papa Roach,49235759,Stand Up,2022-01-20,229706282,Stand Up
234,Papa Roach,49235759,Stand Up,2022-01-20,229706283,Dying To Believe
234,Papa Roach,49235759,Stand Up,2022-01-20,229706284,Kill The Noise
234,Papa Roach,49235759,Stand Up,2022-01-20,229706285,Swerve (feat. FEVER 333 & Sueco)
234,Papa Roach,48449159,Kill The Noise (Acoustic),2021-12-10,227609066,Kill The Noise
234,Papa Roach,47784999,Dying To Believe - Single,2021-10-29,225681112,Dying To Believe
13092319,Gesaffelstein,36270009,A Palé (Gesaffelstein Remix) - Single,2019-11-01,190331452,A Palé (Gesaffelstein Remix)
13092319,Gesaffelstein,35316426,Novo Sonic System - EP,2019-10-04,185413192,Dance X
13092319,Gesaffelstein,31613635,Hyperion,2019-03-08,166191960,Lost in the Fire
13092319,Gesaffelstein,31613635,Hyperion,2019-03-08,166191962,Blast Off
13092319,Gesaffelstein,31613635,Hyperion,2019-03-08,166191963,So Bad
13092319,Gesaffelstein,31613635,Hyperion,2019-03-08,166191964,Forever
13092319,Gesaffelstein,15457303,Aleph,2013-10-28,33521879,Pursuit
13092319,Gesaffelstein,15457303,Aleph,2013-10-28,33521881,Destinations
13092319,Gesaffelstein,15577514,Aleph,2013-10-28,87692163,Pursuit
13092319,Gesaffelstein,15577514,Aleph,2013-10-28,45514357,Destinations
13092319,Gesaffelstein,16280518,Aleph,2013-10-28,45514355,Pursuit
13092319,Gesaffelstein,16280518,Aleph,2013-10-28,45514357,Destinations
13092319,Gesaffelstein,21112984,I Love Techno 2013,2013-10-07,87692163,Pursuit
22681,Justin Timberlake,29239892,SoulMate,2018-07-03,152519764,SoulMate
22681,Justin Timberlake,28514057,Say Something (Live Version),2018-03-30,147882126,Say Something - Live Version
22681,Justin Timberlake,28522586,Say Something (feat. Chris Stapleton) [Live Version] - Single,2018-03-30,147930451,Say Something (feat. Chris Stapleton) [Live Version]
22681,Justin Timberlake,27876430,Man of the Woods,2018-02-02,143930783,Filthy
22681,Justin Timberlake,27876430,Man of the Woods,2018-02-02,143930784,Midnight Summer Jam
22681,Justin Timberlake,27876430,Man of the Woods,2018-02-02,143930785,Sauce
22681,Justin Timberlake,27876430,Man of the Woods,2018-02-02,143930786,Man of the Woods
22681,Justin Timberlake,27876430,Man of the Woods,2018-02-02,143930787,Higher Higher
22681,Justin Timberlake,27876430,Man of the Woods,2018-02-02,143930788,Wave
22681,Justin Timberlake,27876430,Man of the Woods,2018-02-02,143930789,Supplies
22681,Justin Timberlake,27876430,Man of the Woods,2018-02-02,143930790,Morning Light
22681,Justin Timberlake,27876430,Man of the Woods,2018-02-02,143930791,Say Something
22681,Justin Timberlake,27876430,Man of the Woods,2018-02-02,143930792,Hers (Interlude)
22681,Justin Timberlake,27876430,Man of the Woods,2018-02-02,143930793,Flannel
22681,Justin Timberlake,27876430,Man of the Woods,2018-02-02,143930794,Montana
22681,Justin Timberlake,27876430,Man of the Woods,2018-02-02,143930795,Breeze Off the Pond
22681,Justin Timberlake,27876430,Man of the Woods,2018-02-02,143930796,Livin' Off the Land
22681,Justin Timberlake,27876430,Man of the Woods,2018-02-02,143930797,The Hard Stuff
22681,Justin Timberlake,27876430,Man of the Woods,2018-02-02,143930798,Young Man
22681,Justin Timberlake,28011957,Say Something,2018-01-25,144799321,Say Something
22681,Justin Timberlake,27961490,Supplies,2018-01-18,144440668,Supplies
22681,Justin Timberlake,27876248,Filthy,2018-01-05,143929816,Filthy
22681,Justin Timberlake,23451949,"CAN'T STOP THE FEELING! (Original Song from DreamWorks Animation's ""TROLLS"")",2016-05-06,110954075,"CAN'T STOP THE FEELING! (Original Song from DreamWorks Animation's ""TROLLS"")"
22681,Justin Timberlake,11343091,What Goes Around... Comes Around,2014-09-16,32081375,What Goes Around...Comes Around (Radio Edit)
22681,Justin Timberlake,11343091,What Goes Around... Comes Around,2014-09-16,32081376,Boutique In Heaven (Main Version - Explicit)
22681,Justin Timberlake,11343091,What Goes Around... Comes Around,2014-09-16,32081377,What Goes Around...Comes Around (Wookie Remix (Radio Edit))
22681,Justin Timberlake,11343091,What Goes Around... Comes Around,2014-09-16,32081378,What Goes Around...Comes Around (Sebastien Leger Remix (Radio Edit))
22681,Justin Timberlake,11343091,What Goes Around... Comes Around,2014-09-16,32081379,What Goes Around...Comes Around (Junkie XL Small Room Mix)
405322,Empire of the Sun,27398296,On Our Way Home,2017-11-10,139909822,On Our Way Home
405322,Empire of the Sun,27398296,On Our Way Home,2017-11-10,139909823,Way To Go
405322,Empire of the Sun,27398296,On Our Way Home,2017-11-10,139909826,Two Leaves
405322,Empire of the Sun,27442791,On Our Way Home,2017-11-10,140620174,On Our Way Home
405322,Empire of the Sun,27442791,On Our Way Home,2017-11-10,140620175,Way To Go
405322,Empire of the Sun,27442791,On Our Way Home,2017-11-10,140620178,Two Leaves
405322,Empire of the Sun,23916291,Two Vines,2016-10-28,114260157,Before
405322,Empire of the Sun,23916291,Two Vines,2016-10-28,114260158,High and Low
405322,Empire of the Sun,23916291,Two Vines,2016-10-28,114260159,Two Vines
405322,Empire of the Sun,23916291,Two Vines,2016-10-28,114260160,Friends
405322,Empire of the Sun,23916291,Two Vines,2016-10-28,114260161,There’s No Need
405322,Empire of the Sun,23916291,Two Vines,2016-10-28,114260162,Way to Go
405322,Empire of the Sun,23916291,Two Vines,2016-10-28,114260163,Ride
405322,Empire of the Sun,23916291,Two Vines,2016-10-28,114260164,Digital Life
405322,Empire of the Sun,23916291,Two Vines,2016-10-28,114260165,First Crush
405322,Empire of the Sun,23916291,Two Vines,2016-10-28,114260166,ZZZ
405322,Empire of the Sun,23916291,Two Vines,2016-10-28,114260167,To Her Door
405322,Empire of the Sun,23916291,Two Vines,2016-10-28,114260168,Keystone
405322,Empire of the Sun,23916291,Two Vines,2016-10-28,114260169,Lend Me Some Light
405322,Empire of the Sun,23916291,Two Vines,2016-10-28,114260170,Welcome to My Life
405322,Empire of the Sun,23916291,Two Vines,2016-10-28,114260171,Walking on a Dream
29247465,Billie Eilish,53089568,Guitar Songs,2022-07-21,242371304,TV
29247465,Billie Eilish,53089568,Guitar Songs,2022-07-21,242371305,The 30th
29247465,Billie Eilish,46037900,Happier Than Ever,2021-07-30,220956320,Getting Older
29247465,Billie Eilish,46037900,Happier Than Ever,2021-07-30,220956321,I Didn't Change My Number
29247465,Billie Eilish,46037900,Happier Than Ever,2021-07-30,220956322,Billie Bossa Nova
29247465,Billie Eilish,46037900,Happier Than Ever,2021-07-30,220956323,my future
29247465,Billie Eilish,46037900,Happier Than Ever,2021-07-30,220956324,Oxytocin
29247465,Billie Eilish,46037900,Happier Than Ever,2021-07-30,220956325,GOLDWING
29247465,Billie Eilish,46037900,Happier Than Ever,2021-07-30,220956326,Lost Cause
29247465,Billie Eilish,46037900,Happier Than Ever,2021-07-30,220956327,Halley's Comet
29247465,Billie Eilish,46037900,Happier Than Ever,2021-07-30,220956328,Not My Responsibility
29247465,Billie Eilish,46037900,Happier Than Ever,2021-07-30,220956329,OverHeated
29247465,Billie Eilish,46037900,Happier Than Ever,2021-07-30,220956330,Everybody Dies
29247465,Billie Eilish,46037900,Happier Than Ever,2021-07-30,220956331,Your Power
29247465,Billie Eilish,46037900,Happier Than Ever,2021-07-30,220956332,NDA
29247465,Billie Eilish,46037900,Happier Than Ever,2021-07-30,220956333,Therefore I Am
29247465,Billie Eilish,46037900,Happier Than Ever,2021-07-30,220956334,Happier Than Ever
29247465,Billie Eilish,46037900,Happier Than Ever,2021-07-30,220956335,Male Fantasy
29247465,Billie Eilish,43804547,Happier Than Ever,2021-07-30,213849818,Getting Older
29247465,Billie Eilish,43804547,Happier Than Ever,2021-07-30,213849819,I Didn't Change My Number
29247465,Billie Eilish,43804547,Happier Than Ever,2021-07-30,213849820,Billie Bossa Nova
29247465,Billie Eilish,43804547,Happier Than Ever,2021-07-30,213849821,my future
29247465,Billie Eilish,43804547,Happier Than Ever,2021-07-30,213849822,Oxytocin
29247465,Billie Eilish,43804547,Happier Than Ever,2021-07-30,213849823,GOLDWING
29247465,Billie Eilish,43804547,Happier Than Ever,2021-07-30,213849824,Lost Cause
29247465,Billie Eilish,43804547,Happier Than Ever,2021-07-30,213849825,Halley's Comet
29247465,Billie Eilish,43804547,Happier Than Ever,2021-07-30,213849826,Not My Responsibility
29247465,Billie Eilish,43804547,Happier Than Ever,2021-07-30,213849827,OverHeated
29247465,Billie Eilish,43804547,Happier Than Ever,2021-07-30,213849828,Everybody Dies
29247465,Billie Eilish,43804547,Happier Than Ever,2021-07-30,213849829,Your Power
29247465,Billie Eilish,43804547,Happier Than Ever,2021-07-30,213849830,NDA
29247465,Billie Eilish,43804547,Happier Than Ever,2021-07-30,213849831,Therefore I Am
29247465,Billie Eilish,43804547,Happier Than Ever,2021-07-30,213849832,Happier Than Ever
29247465,Billie Eilish,43804547,Happier Than Ever,2021-07-30,213849833,Male Fantasy
29247465,Billie Eilish,46755145,Happier Than Ever (Edit),2021-07-28,222867011,Happier Than Ever - Edit
29247465,Billie Eilish,46755145,Happier Than Ever (Edit),2021-07-28,222867012,Happier Than Ever - Edit
29247465,Billie Eilish,45468801,NDA,2021-07-09,219293852,NDA
29247465,Billie Eilish,45468802,NDA,2021-07-09,219293853,NDA
29247465,Billie Eilish,44290400,Lost Cause,2021-06-02,215932973,Lost Cause
29247465,Billie Eilish,44290422,Lost Cause,2021-06-02,215933050,Lost Cause
29247465,Billie Eilish,43821313,Your Power,2021-04-29,213934223,Your Power
360057,Owl City,27346712,Cinematic,2018-06-01,139728594,Fiji Water
360057,Owl City,27346712,Cinematic,2018-06-01,139728595,The 5th of July
360057,Owl City,27346712,Cinematic,2018-06-01,139536692,All My Friends
360057,Owl City,27346712,Cinematic,2018-06-01,139728596,House Wren
360057,Owl City,27346712,Cinematic,2018-06-01,139728597,Not All Heroes Wear Capes
360057,Owl City,27346712,Cinematic,2018-06-01,139728598,Montana
360057,Owl City,27346712,Cinematic,2018-06-01,139728599,Lucid Dream
360057,Owl City,27346712,Cinematic,2018-06-01,139728600,Always
360057,Owl City,27346712,Cinematic,2018-06-01,139728601,Cloud Nine
360057,Owl City,27346712,Cinematic,2018-06-01,139728602,Winners Never Quit
360057,Owl City,27346712,Cinematic,2018-06-01,139728603,Madeline Island
360057,Owl City,27346712,Cinematic,2018-06-01,139728604,Be Brave
360057,Owl City,27346712,Cinematic,2018-06-01,139728605,New York City
360057,Owl City,27346712,Cinematic,2018-06-01,139728606,Firebird
360057,Owl City,27346712,Cinematic,2018-06-01,139728607,Cinematic
360057,Owl City,27346712,Cinematic,2018-06-01,139728608,All My Friends (Alt Version)
360057,Owl City,27346712,Cinematic,2018-06-01,139728609,Montana (Alt Version)
360057,Owl City,27346712,Cinematic,2018-06-01,139728610,Firebird (Alt Version)
360057,Owl City,28581628,Reel 3,2018-04-06,148385689,Cloud Nine
360057,Owl City,28581628,Reel 3,2018-04-06,148469659,Be Brave
360057,Owl City,28581628,Reel 3,2018-04-06,148385690,New York City
360057,Owl City,28577710,Reel 3,2018-04-06,148356704,Cloud Nine
360057,Owl City,28577710,Reel 3,2018-04-06,148356705,Be Brave
360057,Owl City,28577710,Reel 3,2018-04-06,148356706,New York City
360057,Owl City,28342065,New York City,2018-03-09,146838414,New York City
360057,Owl City,28057598,Reel 2,2018-02-02,145085584,Not All Heroes Wear Capes
360057,Owl City,28057598,Reel 2,2018-02-02,145085585,Montana
360057,Owl City,28057598,Reel 2,2018-02-02,145085586,Lucid Dream
360057,Owl City,27920829,Lucid Dream,2018-01-12,144198257,Lucid Dream
360057,Owl City,27604368,Reel 1,2017-12-01,141959580,Fiji Water
360057,Owl City,27604368,Reel 1,2017-12-01,141959581,The 5th of July
360057,Owl City,27604368,Reel 1,2017-12-01,141959582,All My Friends
360057,Owl City,27344972,All My Friends,2017-11-03,139524198,All My Friends
360057,Owl City,26343999,Waving Through a Window (From Dear Evan Hansen),2017-06-23,131262925,Waving Through a Window (From Dear Evan Hansen)
360057,Owl City,26300617,Not All Heroes Wear Capes,2017-06-16,131015177,Not All Heroes Wear Capes
518027,Stromae,53217947,Multitude (Video Album),2022-07-27,242702268,Invaincu
518027,Stromae,53217947,Multitude (Video Album),2022-07-27,242702270,Santé
518027,Stromae,53217947,Multitude (Video Album),2022-07-27,242702272,La solassitude
518027,Stromae,53217947,Multitude (Video Album),2022-07-27,242702274,Fils de joie
518027,Stromae,53217947,Multitude (Video Album),2022-07-27,242702275,L’enfer
518027,Stromae,53217947,Multitude (Video Album),2022-07-27,242702278,C’est que du bonheur
518027,Stromae,53217947,Multitude (Video Album),2022-07-27,242702280,Pas vraiment
518027,Stromae,53217947,Multitude (Video Album),2022-07-27,242702282,Riez
518027,Stromae,53217947,Multitude (Video Album),2022-07-27,242702284,Mon amour
518027,Stromae,53217947,Multitude (Video Album),2022-07-27,242702286,Déclaration
518027,Stromae,53217947,Multitude (Video Album),2022-07-27,242702288,Mauvaise journée
518027,Stromae,53217947,Multitude (Video Album),2022-07-27,242702289,Bonne journée
518027,Stromae,53217947,Multitude (Video Album),2022-07-27,242702301,Mon amour
518027,Stromae,53217422,Multitude,2022-07-27,242700189,Invaincu
518027,Stromae,53217422,Multitude,2022-07-27,242700190,Santé
518027,Stromae,53217422,Multitude,2022-07-27,242700191,La solassitude
518027,Stromae,53217422,Multitude,2022-07-27,242700192,Fils de joie
518027,Stromae,53217422,Multitude,2022-07-27,242700193,L’enfer
518027,Stromae,53217422,Multitude,2022-07-27,242700194,C’est que du bonheur
518027,Stromae,53217422,Multitude,2022-07-27,242700195,Pas vraiment
518027,Stromae,53217422,Multitude,2022-07-27,242700196,Riez
518027,Stromae,53217422,Multitude,2022-07-27,242700197,Mon amour
518027,Stromae,53217422,Multitude,2022-07-27,242700198,Déclaration
518027,Stromae,53217422,Multitude,2022-07-27,242700199,Mauvaise journée
518027,Stromae,53217422,Multitude,2022-07-27,242700200,Bonne journée
518027,Stromae,53217422,Multitude,2022-07-27,242700201,Mon amour
518027,Stromae,51393259,Multitude (Video Album),2022-03-04,235766113,Invaincu
518027,Stromae,51393259,Multitude (Video Album),2022-03-04,235766118,Santé
518027,Stromae,51393259,Multitude (Video Album),2022-03-04,235766131,La solassitude
518027,Stromae,51393259,Multitude (Video Album),2022-03-04,235766135,Fils de joie
518027,Stromae,51393259,Multitude (Video Album),2022-03-04,235766140,L’enfer
518027,Stromae,51393259,Multitude (Video Album),2022-03-04,235766146,C’est que du bonheur
518027,Stromae,51393259,Multitude (Video Album),2022-03-04,235766150,Pas vraiment
518027,Stromae,51393259,Multitude (Video Album),2022-03-04,235766154,Riez
518027,Stromae,51393259,Multitude (Video Album),2022-03-04,235766159,Mon amour
518027,Stromae,51393259,Multitude (Video Album),2022-03-04,235766163,Déclaration
518027,Stromae,51393259,Multitude (Video Album),2022-03-04,235766167,Mauvaise journée
518027,Stromae,51393259,Multitude (Video Album),2022-03-04,235766170,Bonne journée
518027,Stromae,48435997,Multitude,2022-03-03,227560223,Invaincu
518027,Stromae,48435997,Multitude,2022-03-03,227560224,Santé
518027,Stromae,48435997,Multitude,2022-03-03,227560225,La solassitude
518027,Stromae,48435997,Multitude,2022-03-03,227560226,Fils de joie
518027,Stromae,48435997,Multitude,2022-03-03,227560227,L’enfer
518027,Stromae,48435997,Multitude,2022-03-03,227560228,C’est que du bonheur
518027,Stromae,48435997,Multitude,2022-03-03,227560229,Pas vraiment
518027,Stromae,48435997,Multitude,2022-03-03,227560230,Riez
518027,Stromae,48435997,Multitude,2022-03-03,227560231,Mon amour
518027,Stromae,48435997,Multitude,2022-03-03,227560232,Déclaration
518027,Stromae,48435997,Multitude,2022-03-03,227560233,Mauvaise journée
518027,Stromae,48435997,Multitude,2022-03-03,227560234,Bonne journée
518027,Stromae,48979420,L’enfer,2022-01-09,229007612,L’enfer
518027,Stromae,47385271,Santé - Single,2021-10-15,224594247,Santé
518027,Stromae,32308547,Alors On Danse (Dubdogz Remix),2019-05-03,169480295,Alors On Danse - Dubdogz Remix
518027,Stromae,28749401,Défiler (Bande originale de la capsule No. 5 Mosaert),2018-04-27,149428760,Défiler - Bande originale de la capsule No. 5 Mosaert
518027,Stromae,19704855,Remixes,2013-12-15,74179686,Papaoutai (Extended)
518027,Stromae,19704855,Remixes,2013-12-15,74179687,Papaoutai (Nicolaz Remix)
518027,Stromae,19704855,Remixes,2013-12-15,74179688,Tous Les Mêmes (Remix)
11225398,Foster the People,48001336,Torches X (Deluxe Edition),2021-11-12,226266222,Helena Beat
11225398,Foster the People,48001336,Torches X (Deluxe Edition),2021-11-12,226266223,Pumped Up Kicks
11225398,Foster the People,48001336,Torches X (Deluxe Edition),2021-11-12,226266224,Call It What You Want
11225398,Foster the People,48001336,Torches X (Deluxe Edition),2021-11-12,226266225,Don't Stop (Color on the Walls)
11225398,Foster the People,48001336,Torches X (Deluxe Edition),2021-11-12,226266226,Waste
11225398,Foster the People,48001336,Torches X (Deluxe Edition),2021-11-12,226266227,I Would Do Anything for You
11225398,Foster the People,48001336,Torches X (Deluxe Edition),2021-11-12,226266228,Houdini
11225398,Foster the People,48001336,Torches X (Deluxe Edition),2021-11-12,226266229,Life on the Nickel
11225398,Foster the People,48001336,Torches X (Deluxe Edition),2021-11-12,226266230,Miss You
11225398,Foster the People,48001336,Torches X (Deluxe Edition),2021-11-12,226266231,Warrant
11225398,Foster the People,48001336,Torches X (Deluxe Edition),2021-11-12,226266232,Broken Jaw
11225398,Foster the People,48001336,Torches X (Deluxe Edition),2021-11-12,226266233,Love
11225398,Foster the People,48001336,Torches X (Deluxe Edition),2021-11-12,226266235,Ruby
11225398,Foster the People,48001336,Torches X (Deluxe Edition),2021-11-12,226266234,Chin Music For The Unsuspecting Hero
11225398,Foster the People,48001336,Torches X (Deluxe Edition),2021-11-12,226266236,Downtown
11225398,Foster the People,48001336,Torches X (Deluxe Edition),2021-11-12,226266237,Pumped Up Kicks (The Knocks Speeding Bullet Remix)
11225398,Foster the People,48001336,Torches X (Deluxe Edition),2021-11-12,226266238,Houdini (RAC Remix)
11225398,Foster the People,48001336,Torches X (Deluxe Edition),2021-11-12,226266239,Helena Beat (Lenno Extended Remix)
11225398,Foster the People,48001336,Torches X (Deluxe Edition),2021-11-12,226266240,Call It What You Want (Treasure Fingers Pre-Party Remix Radio Edit)
11225398,Foster the People,48001336,Torches X (Deluxe Edition),2021-11-12,226266241,Pumped Up Kicks (Gus Dapperton Version)
11225398,Foster the People,47982194,Pumped Up Kicks (Gus Dapperton Version) - Single,2021-11-10,226216471,Pumped Up Kicks (Gus Dapperton Version)
11225398,Foster the People,46987890,Chin Music For The Unsuspecting Hero,2021-09-17,223455321,Chin Music For The Unsuspecting Hero
11225398,Foster the People,46007157,Broken Jaw,2021-08-02,220814059,Broken Jaw
11225398,Foster the People,46007157,Broken Jaw,2021-08-02,226270869,Helena Beat
11225398,Foster the People,46007157,Broken Jaw,2021-08-02,226270870,Pumped Up Kicks
11225398,Foster the People,46007157,Broken Jaw,2021-08-02,226270871,Call It What You Want
11225398,Foster the People,46007157,Broken Jaw,2021-08-02,226270872,Don't Stop (Color on the Walls)
11225398,Foster the People,46007157,Broken Jaw,2021-08-02,226270873,Waste
11225398,Foster the People,46007157,Broken Jaw,2021-08-02,226270874,I Would Do Anything for You
11225398,Foster the People,46007157,Broken Jaw,2021-08-02,226270875,Houdini
11225398,Foster the People,46007157,Broken Jaw,2021-08-02,226270876,Life on the Nickel
11225398,Foster the People,46007157,Broken Jaw,2021-08-02,226270877,Miss You
11225398,Foster the People,46007157,Broken Jaw,2021-08-02,226270878,Warrant
11225398,Foster the People,46007157,Broken Jaw,2021-08-02,226270879,Love
11225398,Foster the People,46007157,Broken Jaw,2021-08-02,226270880,Ruby
11225398,Foster the People,46007157,Broken Jaw,2021-08-02,226270881,Downtown
11225398,Foster the People,46007157,Broken Jaw,2021-08-02,226270882,Pumped Up Kicks (The Knocks Speeding Bullet Remix)
11225398,Foster the People,46007157,Broken Jaw,2021-08-02,226270883,Houdini (RAC Remix)
11225398,Foster the People,46007157,Broken Jaw,2021-08-02,226270884,Helena Beat (Lenno Extended Remix)
11225398,Foster the People,46007157,Broken Jaw,2021-08-02,226270885,Call It What You Want (Treasure Fingers Pre-Party Remix Radio Edit)
11225398,Foster the People,46007157,Broken Jaw,2021-08-02,226270886,Pumped Up Kicks (Gus Dapperton Version)
11225398,Foster the People,40845107,"In The Darkest Of Nights, Let The Birds Sing - EP",2020-12-11,206069912,Walk With A Big Stick
11225398,Foster the People,40845107,"In The Darkest Of Nights, Let The Birds Sing - EP",2020-12-11,206069913,Cadillac
11225398,Foster the People,40845107,"In The Darkest Of Nights, Let The Birds Sing - EP",2020-12-11,205182272,Lamb's Wool
11225398,Foster the People,40845107,"In The Darkest Of Nights, Let The Birds Sing - EP",2020-12-11,205182271,The Things We Do
11225398,Foster the People,40845107,"In The Darkest Of Nights, Let The Birds Sing - EP",2020-12-11,205182270,Under The Moon
11225398,Foster the People,40845107,"In The Darkest Of Nights, Let The Birds Sing - EP",2020-12-11,206069914,Your Heart Is My Home
11225398,Foster the People,39093409,The Things We Do - Single,2020-07-10,199796442,The Things We Do
11225398,Foster the People,38257402,Lamb's Wool - Single,2020-05-22,197208434,Lamb's Wool
11225398,Foster the People,37404136,It's Ok to Be Human,2020-03-24,194718298,It's Ok to Be Human
11225398,Foster the People,36103774,Pick U Up (Dr. Iceman Remix) - Single,2019-12-13,189642486,Pick U Up (Dr. Iceman Remix)
11225398,Foster the People,31800886,Pick U Up,2019-09-06,182441522,Pick U Up
11225398,Foster the People,31800886,Pick U Up,2019-09-06,182441523,Imagination
11225398,Foster the People,31800886,Pick U Up,2019-09-06,167066080,Style
11225398,Foster the People,31800886,Pick U Up,2019-09-06,167066081,Worst Nites
7521,Red Hot Chili Peppers,53634829,Return of the Dream Canteen,2022-10-14,243949202,Tippa My Tongue
7521,Red Hot Chili Peppers,54497315,Eddie,2022-09-23,246371074,Tippa My Tongue
7521,Red Hot Chili Peppers,53630841,Tippa My Tongue,2022-08-19,243936974,Tippa My Tongue
7521,Red Hot Chili Peppers,51910915,Nerve Flip - Single,2022-06-03,237734028,Nerve Flip
7521,Red Hot Chili Peppers,49672726,Unlimited Love,2022-04-01,230855514,Black Summer
7521,Red Hot Chili Peppers,49672726,Unlimited Love,2022-04-01,233284890,Here Ever After
7521,Red Hot Chili Peppers,49672726,Unlimited Love,2022-04-01,233284892,Aquatic Mouth Dance
7521,Red Hot Chili Peppers,49672726,Unlimited Love,2022-04-01,233284894,Not the One
7521,Red Hot Chili Peppers,49672726,Unlimited Love,2022-04-01,233284896,Poster Child
7521,Red Hot Chili Peppers,49672726,Unlimited Love,2022-04-01,233284898,The Great Apes
7521,Red Hot Chili Peppers,49672726,Unlimited Love,2022-04-01,233284900,It's Only Natural
7521,Red Hot Chili Peppers,49672726,Unlimited Love,2022-04-01,233284902,She's a Lover
7521,Red Hot Chili Peppers,49672726,Unlimited Love,2022-04-01,233284904,These Are the Ways
7521,Red Hot Chili Peppers,49672726,Unlimited Love,2022-04-01,233284906,Whatchu Thinkin'
7521,Red Hot Chili Peppers,49672726,Unlimited Love,2022-04-01,233284908,Bastards of Light
7521,Red Hot Chili Peppers,49672726,Unlimited Love,2022-04-01,233284909,White Braids & Pillow Chair
7521,Red Hot Chili Peppers,49672726,Unlimited Love,2022-04-01,233284911,One Way Traffic
7521,Red Hot Chili Peppers,49672726,Unlimited Love,2022-04-01,233284913,Veronica
7521,Red Hot Chili Peppers,49672726,Unlimited Love,2022-04-01,233284915,Let 'Em Cry
7521,Red Hot Chili Peppers,49672726,Unlimited Love,2022-04-01,233284916,The Heavy Wing
7521,Red Hot Chili Peppers,49672726,Unlimited Love,2022-04-01,233284918,Tangelo
7521,Red Hot Chili Peppers,50507651,Not the One,2022-03-24,233042213,Not the One
7521,Red Hot Chili Peppers,50010276,Poster Child,2022-03-04,231762297,Poster Child
7521,Red Hot Chili Peppers,50010276,Poster Child,2022-03-04,231762298,Black Summer
7521,Red Hot Chili Peppers,49477232,Black Summer,2022-02-04,230364414,Black Summer
7521,Red Hot Chili Peppers,26301089,Goodbye Angels (Video Version),2017-06-16,131018336,Goodbye Angels - Video Version
7521,Red Hot Chili Peppers,23431065,The Getaway,2016-06-17,110826942,The Getaway
7521,Red Hot Chili Peppers,23431065,The Getaway,2016-06-17,110826943,Dark Necessities
7521,Red Hot Chili Peppers,23431065,The Getaway,2016-06-17,110826944,We Turn Red
7521,Red Hot Chili Peppers,23431065,The Getaway,2016-06-17,110826945,The Longest Wave
7521,Red Hot Chili Peppers,23431065,The Getaway,2016-06-17,110826947,Goodbye Angels
7521,Red Hot Chili Peppers,23431065,The Getaway,2016-06-17,110826949,Sick Love
7521,Red Hot Chili Peppers,23431065,The Getaway,2016-06-17,110826951,Go Robot
7521,Red Hot Chili Peppers,23431065,The Getaway,2016-06-17,110826953,Feasting on the Flowers
7521,Red Hot Chili Peppers,23431065,The Getaway,2016-06-17,110826954,Detroit
7521,Red Hot Chili Peppers,23431065,The Getaway,2016-06-17,110826955,This Ticonderoga
7521,Red Hot Chili Peppers,23431065,The Getaway,2016-06-17,110826957,Encore
7521,Red Hot Chili Peppers,23431065,The Getaway,2016-06-17,110826958,The Hunter
7521,Red Hot Chili Peppers,23431065,The Getaway,2016-06-17,110826959,Dreams of a Samurai
48290,Fall Out Boy,35609278,Believers Never Die (Volume Two),2019-11-15,186864206,Dear Future Self (Hands Up) [feat. Wyclef Jean]
48290,Fall Out Boy,35773259,Believers Never Die (Volume Two),2019-11-15,187760689,My Songs Know What You Did In The Dark (Light Em Up)
48290,Fall Out Boy,35773259,Believers Never Die (Volume Two),2019-11-15,187760690,The Phoenix
48290,Fall Out Boy,35773259,Believers Never Die (Volume Two),2019-11-15,187760691,Alone Together
48290,Fall Out Boy,35773259,Believers Never Die (Volume Two),2019-11-15,187760692,Young Volcanoes
48290,Fall Out Boy,35773259,Believers Never Die (Volume Two),2019-11-15,187760693,Centuries
48290,Fall Out Boy,35773259,Believers Never Die (Volume Two),2019-11-15,187760694,Immortals
48290,Fall Out Boy,35773259,Believers Never Die (Volume Two),2019-11-15,187760695,Uma Thurman
48290,Fall Out Boy,35773259,Believers Never Die (Volume Two),2019-11-15,187760696,Irresistible
48290,Fall Out Boy,35773259,Believers Never Die (Volume Two),2019-11-15,187760697,Champion
48290,Fall Out Boy,35773259,Believers Never Die (Volume Two),2019-11-15,187760698,The Last Of The Real Ones
48290,Fall Out Boy,35773259,Believers Never Die (Volume Two),2019-11-15,187760699,I've Been Waiting
48290,Fall Out Boy,35773259,Believers Never Die (Volume Two),2019-11-15,187760700,Dear Future Self (Hands Up)
48290,Fall Out Boy,35773259,Believers Never Die (Volume Two),2019-11-15,187760701,Bob Dylan
48290,Fall Out Boy,34669917,Dear Future Self (Hands Up) [feat. Wyclef Jean] - Single,2019-09-10,183267190,Dear Future Self (Hands Up) [feat. Wyclef Jean]
48290,Fall Out Boy,29659959,The Last of the Real Ones (Milk N Cooks Remix) [feat. Princess Nokia] - Single,2018-08-10,155222277,The Last of the Real Ones (Milk N Cooks Remix) [feat. Princess Nokia]
48290,Fall Out Boy,29217114,The Last of the Real Ones (feat. MadeinTYO & bülow) [Remix] - Single,2018-06-28,152363942,The Last of the Real Ones (feat. MadeinTYO & bülow) [Remix]
48290,Fall Out Boy,28706545,HOLD ME TIGHT OR DON'T (The Remixes),2018-04-13,149179195,HOLD ME TIGHT OR DON'T (Sweater Beats Remix)
48290,Fall Out Boy,28706545,HOLD ME TIGHT OR DON'T (The Remixes),2018-04-13,149179196,HOLD ME TIGHT OR DON'T (The White Panda Remix)
48290,Fall Out Boy,28706545,HOLD ME TIGHT OR DON'T (The Remixes),2018-04-13,149179197,HOLD ME TIGHT OR DON'T (VALNTN Remix)
48290,Fall Out Boy,28705370,HOLD ME TIGHT OR DON'T (The Remixes),2018-04-13,149172192,HOLD ME TIGHT OR DON'T - Sweater Beats Remix
48290,Fall Out Boy,28705370,HOLD ME TIGHT OR DON'T (The Remixes),2018-04-13,149172193,HOLD ME TIGHT OR DON'T - The White Panda Remix
48290,Fall Out Boy,25985062,M A N I A,2018-01-19,128921530,Young and Menace
48290,Fall Out Boy,25985062,M A N I A,2018-01-19,128922855,Champion
48290,Fall Out Boy,25985062,M A N I A,2018-01-19,128921531,Stay Frosty Royal Milk Tea
48290,Fall Out Boy,25985062,M A N I A,2018-01-19,128921532,HOLD ME TIGHT OR DON'T
48290,Fall Out Boy,25985062,M A N I A,2018-01-19,128921533,The Last of the Real Ones
48290,Fall Out Boy,25985062,M A N I A,2018-01-19,128921534,Wilson (Expensive Mistakes)
48290,Fall Out Boy,25985062,M A N I A,2018-01-19,128921535,Church
48290,Fall Out Boy,25985062,M A N I A,2018-01-19,128921536,Heaven's Gate
48290,Fall Out Boy,25985062,M A N I A,2018-01-19,128921537,Sunshine Riptide
48290,Fall Out Boy,25985062,M A N I A,2018-01-19,128922856,Bishops Knife Trick
33124237,Trippie Redd,54605510,First Draft - Single,2022-09-30,246833935,"Save Me, Please"
33124237,Trippie Redd,47437146,HEADLINERS: Trippie Redd,2021-10-15,224759891,Matt Hardy 999
33124237,Trippie Redd,47437146,HEADLINERS: Trippie Redd,2021-10-15,224759923,6 Kiss (feat. Juice WRLD & YNW Melly)
33124237,Trippie Redd,47437146,HEADLINERS: Trippie Redd,2021-10-15,224759943,1400 / 999 Freestyle (feat. Juice WRLD)
33124237,Trippie Redd,47437146,HEADLINERS: Trippie Redd,2021-10-15,224759961,Taking A Walk
33124237,Trippie Redd,47437146,HEADLINERS: Trippie Redd,2021-10-15,224759977,Shake It Up
33124237,Trippie Redd,47437146,HEADLINERS: Trippie Redd,2021-10-15,224759987,Topanga
33124237,Trippie Redd,47437146,HEADLINERS: Trippie Redd,2021-10-15,224759995,Love Scars
33124237,Trippie Redd,47437146,HEADLINERS: Trippie Redd,2021-10-15,224760004,Rich MF (feat. Lil Durk)
33124237,Trippie Redd,47437146,HEADLINERS: Trippie Redd,2021-10-15,224760012,BANG!
33124237,Trippie Redd,46522457,Trip At Knight (Complete Expanded Edition),2021-08-21,222241760,Molly Hearts
33124237,Trippie Redd,46522457,Trip At Knight (Complete Expanded Edition),2021-08-21,222241762,MP5 (feat. SoFaygo)
33124237,Trippie Redd,46522457,Trip At Knight (Complete Expanded Edition),2021-08-21,222241766,Betrayal (feat. Drake)
33124237,Trippie Redd,46522457,Trip At Knight (Complete Expanded Edition),2021-08-21,222241769,Finish Line
33124237,Trippie Redd,46522457,Trip At Knight (Complete Expanded Edition),2021-08-21,222241770,Holy Smokes (feat. Lil Uzi Vert)
33124237,Trippie Redd,46522457,Trip At Knight (Complete Expanded Edition),2021-08-21,222241772,Super Cell
33124237,Trippie Redd,46522457,Trip At Knight (Complete Expanded Edition),2021-08-21,222241773,Miss The Rage (feat. Playboi Carti)
33124237,Trippie Redd,46522457,Trip At Knight (Complete Expanded Edition),2021-08-21,222241776,Supernatural
33124237,Trippie Redd,46522457,Trip At Knight (Complete Expanded Edition),2021-08-21,222241777,Demon Time (feat. Ski Mask The Slump God)
33124237,Trippie Redd,46522457,Trip At Knight (Complete Expanded Edition),2021-08-21,222241778,Matt Hardy 999 (feat. Juice WRLD)
33124237,Trippie Redd,46522457,Trip At Knight (Complete Expanded Edition),2021-08-21,222241779,Vibes
33124237,Trippie Redd,46522457,Trip At Knight (Complete Expanded Edition),2021-08-21,222241780,New Money
33124237,Trippie Redd,46522457,Trip At Knight (Complete Expanded Edition),2021-08-21,222241781,Danny Phantom (feat. XXXTENTACION)
33124237,Trippie Redd,46522457,Trip At Knight (Complete Expanded Edition),2021-08-21,222241783,Space Time
33124237,Trippie Redd,46522457,Trip At Knight (Complete Expanded Edition),2021-08-21,222241784,Baki
33124237,Trippie Redd,46522457,Trip At Knight (Complete Expanded Edition),2021-08-21,222241785,iPhone
33124237,Trippie Redd,46522457,Trip At Knight (Complete Expanded Edition),2021-08-21,222241786,Rich MF (feat. Polo G & Lil Durk)
33124237,Trippie Redd,46522457,Trip At Knight (Complete Expanded Edition),2021-08-21,222241788,"Captain Crunch (feat. Sada Baby, Babyface Ray, & Icewear Vezzo)"
33124237,Trippie Redd,46737334,Trip At Knight (Expanded Edition),2021-08-20,222808660,Molly Hearts
33124237,Trippie Redd,46737334,Trip At Knight (Expanded Edition),2021-08-20,222808667,MP5
33124237,Trippie Redd,46737334,Trip At Knight (Expanded Edition),2021-08-20,222808673,Finish Line
33124237,Trippie Redd,46737334,Trip At Knight (Expanded Edition),2021-08-20,222808679,Holy Smokes (feat. Lil Uzi Vert)
33124237,Trippie Redd,46737334,Trip At Knight (Expanded Edition),2021-08-20,222808684,Super Cell
33124237,Trippie Redd,46737334,Trip At Knight (Expanded Edition),2021-08-20,222808689,Miss the Rage
33124237,Trippie Redd,46737334,Trip At Knight (Expanded Edition),2021-08-20,222808697,Supernatural
33124237,Trippie Redd,46737334,Trip At Knight (Expanded Edition),2021-08-20,222808700,Demon Time
33124237,Trippie Redd,46737334,Trip At Knight (Expanded Edition),2021-08-20,222808703,Matt Hardy 999
33124237,Trippie Redd,46737334,Trip At Knight (Expanded Edition),2021-08-20,222808709,Vibes
33124237,Trippie Redd,46737334,Trip At Knight (Expanded Edition),2021-08-20,222808712,New Money
33124237,Trippie Redd,46737334,Trip At Knight (Expanded Edition),2021-08-20,222808721,Danny Phantom (feat. XXXTENTACION)
33124237,Trippie Redd,46737334,Trip At Knight (Expanded Edition),2021-08-20,222808726,Space Time
33124237,Trippie Redd,46737334,Trip At Knight (Expanded Edition),2021-08-20,222808730,Baki
33124237,Trippie Redd,46737334,Trip At Knight (Expanded Edition),2021-08-20,222808733,iPhone
33124237,Trippie Redd,46737334,Trip At Knight (Expanded Edition),2021-08-20,222808737,Rich MF (feat. Lil Durk)
33124237,Trippie Redd,46737334,Trip At Knight (Expanded Edition),2021-08-20,222808743,Captain Crunch (feat. Babyface Ray)
33124237,Trippie Redd,46712593,Trip At Knight,2021-08-20,222743863,Molly Hearts
33124237,Trippie Redd,46712593,Trip At Knight,2021-08-20,222743867,MP5
33124237,Trippie Redd,46712593,Trip At Knight,2021-08-20,222743871,Finish Line
33124237,Trippie Redd,46712593,Trip At Knight,2021-08-20,222743881,Super Cell
33124237,Trippie Redd,46712593,Trip At Knight,2021-08-20,222743886,Miss the Rage
33124237,Trippie Redd,46712593,Trip At Knight,2021-08-20,222743890,Supernatural
33124237,Trippie Redd,46712593,Trip At Knight,2021-08-20,222743895,Demon Time
33124237,Trippie Redd,46712593,Trip At Knight,2021-08-20,222743902,Matt Hardy 999
33124237,Trippie Redd,46712593,Trip At Knight,2021-08-20,222743904,Vibes
33124237,Trippie Redd,46712593,Trip At Knight,2021-08-20,222743906,New Money
33124237,Trippie Redd,46712593,Trip At Knight,2021-08-20,222743910,Danny Phantom (feat. XXXTENTACION)
33124237,Trippie Redd,46712593,Trip At Knight,2021-08-20,222743915,Space Time
33124237,Trippie Redd,46712593,Trip At Knight,2021-08-20,222743918,Baki
33124237,Trippie Redd,46712593,Trip At Knight,2021-08-20,222743919,iPhone
33124237,Trippie Redd,46712593,Trip At Knight,2021-08-20,222743920,Rich MF (feat. Lil Durk)
33124237,Trippie Redd,46499718,Trip At Knight,2021-08-20,222181760,Molly Hearts
33124237,Trippie Redd,46499718,Trip At Knight,2021-08-20,222181762,MP5 (feat. SoFaygo)
33124237,Trippie Redd,46499718,Trip At Knight,2021-08-20,222181764,Finish Line
33124237,Trippie Redd,46499718,Trip At Knight,2021-08-20,222181766,Super Cell
33124237,Trippie Redd,46499718,Trip At Knight,2021-08-20,222181767,Miss The Rage (feat. Playboi Carti)
33124237,Trippie Redd,46499718,Trip At Knight,2021-08-20,222181768,Supernatural
33124237,Trippie Redd,46499718,Trip At Knight,2021-08-20,222181769,Demon Time (feat. Ski Mask The Slump God)
33124237,Trippie Redd,46499718,Trip At Knight,2021-08-20,222181770,Matt Hardy 999 (feat. Juice WRLD)
33124237,Trippie Redd,46499718,Trip At Knight,2021-08-20,222181771,Vibes
33124237,Trippie Redd,46499718,Trip At Knight,2021-08-20,222181772,New Money
33124237,Trippie Redd,46499718,Trip At Knight,2021-08-20,222181773,Danny Phantom (feat. XXXTENTACION)
33124237,Trippie Redd,46499718,Trip At Knight,2021-08-20,222181774,Space Time
33124237,Trippie Redd,46499718,Trip At Knight,2021-08-20,222181775,Baki
33124237,Trippie Redd,46499718,Trip At Knight,2021-08-20,222181776,iPhone
33124237,Trippie Redd,46499718,Trip At Knight,2021-08-20,222181777,Rich MF (feat. Polo G & Lil Durk)
33124237,Trippie Redd,46884158,Trip At Knight (Complete Edition),2021-08-20,223199298,Molly Hearts
33124237,Trippie Redd,46884158,Trip At Knight (Complete Edition),2021-08-20,223199300,Betrayal (feat. Drake)
33124237,Trippie Redd,46884158,Trip At Knight (Complete Edition),2021-08-20,223199301,Finish Line
33124237,Trippie Redd,46884158,Trip At Knight (Complete Edition),2021-08-20,223199303,Super Cell
33124237,Trippie Redd,46884158,Trip At Knight (Complete Edition),2021-08-20,223199304,Miss the Rage
33124237,Trippie Redd,46884158,Trip At Knight (Complete Edition),2021-08-20,223199305,Supernatural
33124237,Trippie Redd,46884158,Trip At Knight (Complete Edition),2021-08-20,223199306,Demon Time
33124237,Trippie Redd,46884158,Trip At Knight (Complete Edition),2021-08-20,223199307,Matt Hardy 999
33124237,Trippie Redd,46884158,Trip At Knight (Complete Edition),2021-08-20,223199308,Vibes
33124237,Trippie Redd,46884158,Trip At Knight (Complete Edition),2021-08-20,223199309,New Money
33124237,Trippie Redd,46884158,Trip At Knight (Complete Edition),2021-08-20,223199310,Danny Phantom (feat. XXXTENTACION)
33124237,Trippie Redd,46884158,Trip At Knight (Complete Edition),2021-08-20,223199311,Space Time
33124237,Trippie Redd,46884158,Trip At Knight (Complete Edition),2021-08-20,223199312,Baki
33124237,Trippie Redd,46884158,Trip At Knight (Complete Edition),2021-08-20,223199313,iPhone
33124237,Trippie Redd,46884158,Trip At Knight (Complete Edition),2021-08-20,223199314,Rich MF (feat. Lil Durk)
33124237,Trippie Redd,46061027,Trip At Knight,2021-08-20,221051712,Molly Hearts
33124237,Trippie Redd,46061027,Trip At Knight,2021-08-20,221051713,MP5 (feat. SoFaygo)
33124237,Trippie Redd,46061027,Trip At Knight,2021-08-20,221051714,Finish Line
33124237,Trippie Redd,46061027,Trip At Knight,2021-08-20,221051715,Holy Smokes (feat. Lil Uzi Vert)
33124237,Trippie Redd,46061027,Trip At Knight,2021-08-20,221051716,Super Cell
33124237,Trippie Redd,46061027,Trip At Knight,2021-08-20,221051717,Miss the Rage
33124237,Trippie Redd,46061027,Trip At Knight,2021-08-20,221051718,Supernatural
33124237,Trippie Redd,46061027,Trip At Knight,2021-08-20,221051719,Demon Time (feat. Ski Mask the Slump God)
33124237,Trippie Redd,46061027,Trip At Knight,2021-08-20,221051722,Matt Hardy 999 (feat. Juice WRLD)
33124237,Trippie Redd,46061027,Trip At Knight,2021-08-20,221051723,Vibes
33124237,Trippie Redd,46061027,Trip At Knight,2021-08-20,221051724,New Money
33124237,Trippie Redd,46061027,Trip At Knight,2021-08-20,221051725,Danny Phantom (feat. XXXTENTACION)
33124237,Trippie Redd,46061027,Trip At Knight,2021-08-20,221051726,Space Time
33124237,Trippie Redd,46061027,Trip At Knight,2021-08-20,221051727,Baki
33124237,Trippie Redd,46061027,Trip At Knight,2021-08-20,221051728,iPhone
33124237,Trippie Redd,46061027,Trip At Knight,2021-08-20,221051729,Rich MF (feat. Polo G & Lil Durk)
33124237,Trippie Redd,46061027,Trip At Knight,2021-08-20,221051730,"Captain Crunch (feat. Babyface Ray, Sada Baby & Icewear Vezzo)"
33124237,Trippie Redd,45484490,Holy Smokes (feat. Lil Uzi Vert) - Single,2021-07-16,219351102,Holy Smokes
28849792,The Game,33085143,West Side,2019-06-21,174320107,West Side
28849792,The Game,29807317,"DTF (feat. YG, Ty Dolla $ign, Jeremih)",2018-08-31,156265961,"DTF (feat. YG, Ty Dolla $ign, Jeremih)"
28849792,The Game,27291436,"Oh I (feat. Jeremih, Young Thug, Sevyn)",2017-10-26,139160676,Oh I
