artist;album;album_release_date;album_ranking;n_tracks;track;track_duration (s)
Alejandro Sanz;Más;1997-08-28;1;10;Y, ¿Si fuera ella?;323
Alejandro Sanz;Más;1997-08-28;1;10;Ese último momento;306
Alejandro Sanz;Más;1997-08-28;1;10;Corazón partío;343
Alejandro Sanz;Más;1997-08-28;1;10;Siempre es de noche;288
Alejandro Sanz;Más;1997-08-28;1;10;La margarita dijo no;295
Alejandro Sanz;Más;1997-08-28;1;10;Hoy que no estás;311
Alejandro Sanz;Más;1997-08-28;1;10;Un charquito de estrellas;294
Alejandro Sanz;Más;1997-08-28;1;10;Amiga mía;291
Alejandro Sanz;Más;1997-08-28;1;10;Si hay Dios...;331
Alejandro Sanz;Más;1997-08-28;1;10;Aquello que me diste;286
Armando Manzanero;Su Piano Y Su Música;2013-04-16;2;40;Esta Tarde Vi Llover;166
Armando Manzanero;Su Piano Y Su Música;2013-04-16;2;40;Parece Que Fue Ayer;168
Armando Manzanero;Su Piano Y Su Música;2013-04-16;2;40;Dime Amor;211
Armando Manzanero;Su Piano Y Su Música;2013-04-16;2;40;Al Fin Soy Feliz;186
Armando Manzanero;Su Piano Y Su Música;2013-04-16;2;40;Todavía;136
Armando Manzanero;Su Piano Y Su Música;2013-04-16;2;40;Pero Qué Bella Es la Vida;162
Armando Manzanero;Su Piano Y Su Música;2013-04-16;2;40;No;119
Armando Manzanero;Su Piano Y Su Música;2013-04-16;2;40;Yo por Permitirlo;138
Armando Manzanero;Su Piano Y Su Música;2013-04-16;2;40;Cuando Llora Mi Guitarra;154
Armando Manzanero;Su Piano Y Su Música;2013-04-16;2;40;Tiempo de Amar;118
Armando Manzanero;Su Piano Y Su Música;2013-04-16;2;40;Adoro;147
Armando Manzanero;Su Piano Y Su Música;2013-04-16;2;40;Deja;158
Armando Manzanero;Su Piano Y Su Música;2013-04-16;2;40;Yo Te Quiero;155
Armando Manzanero;Su Piano Y Su Música;2013-04-16;2;40;Tengo;144
Armando Manzanero;Su Piano Y Su Música;2013-04-16;2;40;Te Recuerdo;181
Armando Manzanero;Su Piano Y Su Música;2013-04-16;2;40;Contigo Aprendí;125
Armando Manzanero;Su Piano Y Su Música;2013-04-16;2;40;El Último Verano;160
Armando Manzanero;Su Piano Y Su Música;2013-04-16;2;40;Si Me Faltas Tú;170
Armando Manzanero;Su Piano Y Su Música;2013-04-16;2;40;Paso a Pasito;139
Armando Manzanero;Su Piano Y Su Música;2013-04-16;2;40;Felicidad;131
Armando Manzanero;Su Piano Y Su Música;2013-04-16;2;40;Somos Novios;159
Armando Manzanero;Su Piano Y Su Música;2013-04-16;2;40;Voy a Apagar la Luz;111
Armando Manzanero;Su Piano Y Su Música;2013-04-16;2;40;Contigo Amor;144
Armando Manzanero;Su Piano Y Su Música;2013-04-16;2;40;Puedo Morir Mañana;182
Armando Manzanero;Su Piano Y Su Música;2013-04-16;2;40;La Casa;132
Armando Manzanero;Su Piano Y Su Música;2013-04-16;2;40;Mía;135
Armando Manzanero;Su Piano Y Su Música;2013-04-16;2;40;Por Fin Mañana;255
Armando Manzanero;Su Piano Y Su Música;2013-04-16;2;40;Eres Tú;137
Armando Manzanero;Su Piano Y Su Música;2013-04-16;2;40;Yo No Sé;141
Armando Manzanero;Su Piano Y Su Música;2013-04-16;2;40;Dime Quién;117
Armando Manzanero;Su Piano Y Su Música;2013-04-16;2;40;Pensando en Ti;179
Armando Manzanero;Su Piano Y Su Música;2013-04-16;2;40;Aquel Señor;134
Armando Manzanero;Su Piano Y Su Música;2013-04-16;2;40;Cariño Mío;129
Armando Manzanero;Su Piano Y Su Música;2013-04-16;2;40;Como Yo Te Amé;213
Armando Manzanero;Su Piano Y Su Música;2013-04-16;2;40;Cuando Estoy Contigo;148
Armando Manzanero;Su Piano Y Su Música;2013-04-16;2;40;El Ciego;127
Armando Manzanero;Su Piano Y Su Música;2013-04-16;2;40;Hoy;112
Armando Manzanero;Su Piano Y Su Música;2013-04-16;2;40;Ahora;165
Armando Manzanero;Su Piano Y Su Música;2013-04-16;2;40;Yo Sé Que Te Amo;145
Armando Manzanero;Su Piano Y Su Música;2013-04-16;2;40;No Sé Tú;230
Astor Piazzola;Adiós Nonino;2010-05-27;3;1;Adiós Nonino;274
Aventura;The Last;2009-06-09;4;18;Intro - The Last;84
Aventura;The Last;2009-06-09;4;18;Por un Segundo;255
Aventura;The Last;2009-06-09;4;18;Yo Quisiera Amarla;306
Aventura;The Last;2009-06-09;4;18;El Malo;239
Aventura;The Last;2009-06-09;4;18;Dile al Amor;229
Aventura;The Last;2009-06-09;4;18;Su Veneno;241
Aventura;The Last;2009-06-09;4;18;Tu Jueguito;222
Aventura;The Last;2009-06-09;4;18;Spanish Fly (feat. Ludacris, Wyclef Jean);237
Aventura;The Last;2009-06-09;4;18;Peligro;278
Aventura;The Last;2009-06-09;4;18;La Tormenta;275
Aventura;The Last;2009-06-09;4;18;El Desprecio;276
Aventura;The Last;2009-06-09;4;18;All Up 2 You (feat. Akon, Wisin & Yandel);218
Aventura;The Last;2009-06-09;4;18;Skit;245
Aventura;The Last;2009-06-09;4;18;La Curita;201
Aventura;The Last;2009-06-09;4;18;Princesita;258
Aventura;The Last;2009-06-09;4;18;Su Vida;274
Aventura;The Last;2009-06-09;4;18;Soy Hombre (feat. Arturo Sandoval);240
Aventura;The Last;2009-06-09;4;18;Gracias;453
Bebo & Cigala;Lágrimas Negras;2014-04-25;5;9;Inolvidable;200
Bebo & Cigala;Lágrimas Negras;2014-04-25;5;9;Veinte Años;244
Bebo & Cigala;Lágrimas Negras;2014-04-25;5;9;Lágrimas Negras;332
Bebo & Cigala;Lágrimas Negras;2014-04-25;5;9;Nieblas del Riachuelo;187
Bebo & Cigala;Lágrimas Negras;2014-04-25;5;9;Corazón Loco;196
Bebo & Cigala;Lágrimas Negras;2014-04-25;5;9;Se Me Olvidó Que Te Olvidé;235
Bebo & Cigala;Lágrimas Negras;2014-04-25;5;9;Vete de Mí;176
Bebo & Cigala;Lágrimas Negras;2014-04-25;5;9;La Bien Pagá;538
Bebo & Cigala;Lágrimas Negras;2014-04-25;5;9;Eu Sei Que Vou Te Amar;258
Buena Vista Social Club;Buena Vista Social Club;1997-06-23;6;14;Chan Chan;257
Buena Vista Social Club;Buena Vista Social Club;1997-06-23;6;14;De Camino a La Vereda;303
Buena Vista Social Club;Buena Vista Social Club;1997-06-23;6;14;El Cuarto de Tula;445
Buena Vista Social Club;Buena Vista Social Club;1997-06-23;6;14;Pueblo Nuevo;365
Buena Vista Social Club;Buena Vista Social Club;1997-06-23;6;14;Dos Gardenias;183
Buena Vista Social Club;Buena Vista Social Club;1997-06-23;6;14;¿Y Tú Qué Has Hecho?;193
Buena Vista Social Club;Buena Vista Social Club;1997-06-23;6;14;Veinte Años;211
Buena Vista Social Club;Buena Vista Social Club;1997-06-23;6;14;El Carretero;209
Buena Vista Social Club;Buena Vista Social Club;1997-06-23;6;14;Candela;328
Buena Vista Social Club;Buena Vista Social Club;1997-06-23;6;14;Amor de Loca Juventud;202
Buena Vista Social Club;Buena Vista Social Club;1997-06-23;6;14;Orgullecida;198
Buena Vista Social Club;Buena Vista Social Club;1997-06-23;6;14;Murmullo;230
Buena Vista Social Club;Buena Vista Social Club;1997-06-23;6;14;Buena Vista Social Club;291
Buena Vista Social Club;Buena Vista Social Club;1997-06-23;6;14;La Bayamesa;175
Café Tacvba;Re;1994-07-20;7;20;El aparato;198
Café Tacvba;Re;1994-07-20;7;20;La ingrata;212
Café Tacvba;Re;1994-07-20;7;20;El ciclón;175
Café Tacvba;Re;1994-07-20;7;20;El borrego;128
Café Tacvba;Re;1994-07-20;7;20;Esa noche;206
Café Tacvba;Re;1994-07-20;7;20;24 horas;139
Café Tacvba;Re;1994-07-20;7;20;Ixtepec;200
Café Tacvba;Re;1994-07-20;7;20;Trópico de cáncer;279
Café Tacvba;Re;1994-07-20;7;20;El metro;226
Café Tacvba;Re;1994-07-20;7;20;El fin de la infancia;139
Café Tacvba;Re;1994-07-20;7;20;Madrugal;68
Café Tacvba;Re;1994-07-20;7;20;Pez;139
Café Tacvba;Re;1994-07-20;7;20;Verde;115
Café Tacvba;Re;1994-07-20;7;20;La negrita;185
Café Tacvba;Re;1994-07-20;7;20;El Tlatoani del barrio;207
Café Tacvba;Re;1994-07-20;7;20;Las flores;135
Café Tacvba;Re;1994-07-20;7;20;La pinta;169
Café Tacvba;Re;1994-07-20;7;20;El baile y el salón;308
Café Tacvba;Re;1994-07-20;7;20;El puñal y el corazón;261
Café Tacvba;Re;1994-07-20;7;20;El balcón;101
Calle 13;Los De Atras Vienen Conmigo;2008-07-21;8;16;Intro Crónica De Un Nacimiento;96
Calle 13;Los De Atras Vienen Conmigo;2008-07-21;8;16;Que Lloren;279
Calle 13;Los De Atras Vienen Conmigo;2008-07-21;8;16;No Hay Nadie Como Tú (feat. Café Tacuba);293
Calle 13;Los De Atras Vienen Conmigo;2008-07-21;8;16;Gringo Latin Funk;257
Calle 13;Los De Atras Vienen Conmigo;2008-07-21;8;16;Ven Y Critícame;265
Calle 13;Los De Atras Vienen Conmigo;2008-07-21;8;16;Esto Con Eso;250
Calle 13;Los De Atras Vienen Conmigo;2008-07-21;8;16;La Perla (feat. Rubén Blades & La Chilinga);416
Calle 13;Los De Atras Vienen Conmigo;2008-07-21;8;16;Electro Movimiento;197
Calle 13;Los De Atras Vienen Conmigo;2008-07-21;8;16;Intro Fiesta De Locos;18
Calle 13;Los De Atras Vienen Conmigo;2008-07-21;8;16;Fiesta De Locos;268
Calle 13;Los De Atras Vienen Conmigo;2008-07-21;8;16;Los De Atrás Vienen Conmigo;216
Calle 13;Los De Atras Vienen Conmigo;2008-07-21;8;16;Tal Para Cual;228
Calle 13;Los De Atras Vienen Conmigo;2008-07-21;8;16;Interlude: Irie Rasa Man;23
Calle 13;Los De Atras Vienen Conmigo;2008-07-21;8;16;Bienvenidos A Mi Mundo;237
Calle 13;Los De Atras Vienen Conmigo;2008-07-21;8;16;John, El Esquizofrénico;274
Calle 13;Los De Atras Vienen Conmigo;2008-07-21;8;16;Outro;47
Carlos Vives;Clasicos De La Provincia;1994-02-22;9;15;La Gota Fria;215
Carlos Vives;Clasicos De La Provincia;1994-02-22;9;15;Amor Sensible;267
Carlos Vives;Clasicos De La Provincia;1994-02-22;9;15;Alicia Adorada;256
Carlos Vives;Clasicos De La Provincia;1994-02-22;9;15;La Hamaca Grande;188
Carlos Vives;Clasicos De La Provincia;1994-02-22;9;15;El Cantor de Fonseca;188
Carlos Vives;Clasicos De La Provincia;1994-02-22;9;15;Matilde Lina;237
Carlos Vives;Clasicos De La Provincia;1994-02-22;9;15;Altos del Rosario;236
Carlos Vives;Clasicos De La Provincia;1994-02-22;9;15;Honda Herida;184
Carlos Vives;Clasicos De La Provincia;1994-02-22;9;15;La Cañaguatera;192
Carlos Vives;Clasicos De La Provincia;1994-02-22;9;15;Lirio Rojo;169
Carlos Vives;Clasicos De La Provincia;1994-02-22;9;15;La Tijera;208
Carlos Vives;Clasicos De La Provincia;1994-02-22;9;15;Compa'e Chipuco;196
Carlos Vives;Clasicos De La Provincia;1994-02-22;9;15;Pedazo de Acordeon;246
Carlos Vives;Clasicos De La Provincia;1994-02-22;9;15;La Celosa;254
Carlos Vives;Clasicos De La Provincia;1994-02-22;9;15;Contestacion a la Brasilera - Fragmento;53
Celia Y Johnny;Celia Y Johnny;1974-01-01;10;10;Quimbara;292
Celia Y Johnny;Celia Y Johnny;1974-01-01;10;10;Toro Mata;342
Celia Y Johnny;Celia Y Johnny;1974-01-01;10;10;Vieja Luna;195
Celia Y Johnny;Celia Y Johnny;1974-01-01;10;10;El Paso Del Mulo;280
Celia Y Johnny;Celia Y Johnny;1974-01-01;10;10;Tengo El Idde;302
Celia Y Johnny;Celia Y Johnny;1974-01-01;10;10;Lo Tuyo Es Mental;195
Celia Y Johnny;Celia Y Johnny;1974-01-01;10;10;Canto A La Habana;331
Celia Y Johnny;Celia Y Johnny;1974-01-01;10;10;No Mercedes;258
Celia Y Johnny;Celia Y Johnny;1974-01-01;10;10;El Tumbao Y Celia;294
Celia Y Johnny;Celia Y Johnny;1974-01-01;10;10;El Pregón Del Pescador;304
Charly Garcia;Clics Modernos;1983-11-05;11;9;Nos Siguen Pegando Abajo;207
Charly Garcia;Clics Modernos;1983-11-05;11;9;No Soy Un Extraño;196
Charly Garcia;Clics Modernos;1983-11-05;11;9;Dos Cero Uno;128
Charly Garcia;Clics Modernos;1983-11-05;11;9;Nuevos Trapos;245
Charly Garcia;Clics Modernos;1983-11-05;11;9;Bancate Ese Defecto;295
Charly Garcia;Clics Modernos;1983-11-05;11;9;No Me Dejan Salir;263
Charly Garcia;Clics Modernos;1983-11-05;11;9;Los Dinosaurios;208
Charly Garcia;Clics Modernos;1983-11-05;11;9;Plateado Sobre Plateado (Huellas En El Mar);298
Charly Garcia;Clics Modernos;1983-11-05;11;9;Ojos De Video Tape;215
Daddy Yankee;Barrio Fino;2004-07-13;12;17;Perros Salvajes;190
Daddy Yankee;Barrio Fino;2004-07-13;12;17;Miss Show;169
Daddy Yankee;Barrio Fino;2004-07-13;12;17;Pon T Loca;179
Daddy Yankee;Barrio Fino;2004-07-13;12;17;El Amante;221
Daddy Yankee;Barrio Fino;2004-07-13;12;17;Pasarela;194
Daddy Yankee;Barrio Fino;2004-07-13;12;17;Po'Encima;153
Daddy Yankee;Barrio Fino;2004-07-13;12;17;La Noche De Los Dos;223
Daddy Yankee;Barrio Fino;2004-07-13;12;17;Llegamos A La Disco;453
Daddy Yankee;Barrio Fino;2004-07-13;12;17;Switchea;185
Daddy Yankee;Barrio Fino;2004-07-13;12;17;Limbo;225
Daddy Yankee;Barrio Fino;2004-07-13;12;17;La Calle Moderna;212
Daddy Yankee;Barrio Fino;2004-07-13;12;17;After Party;225
Daddy Yankee;Barrio Fino;2004-07-13;12;17;La Maquina De Baile;164
Daddy Yankee;Barrio Fino;2004-07-13;12;17;Mas Que Un Amigo;245
Daddy Yankee;Barrio Fino;2004-07-13;12;17;Baby;183
Daddy Yankee;Barrio Fino;2004-07-13;12;17;Lovumba;218
Daddy Yankee;Barrio Fino;2004-07-13;12;17;Ven Conmigo;220
Draco Rosa;Vagabundo;1996-06-18;13;14;Hablando Del Amor;72
Draco Rosa;Vagabundo;1996-06-18;13;14;Madre Tierra;215
Draco Rosa;Vagabundo;1996-06-18;13;14;Llanto Subterraneo;232
Draco Rosa;Vagabundo;1996-06-18;13;14;Vagabundo;217
Draco Rosa;Vagabundo;1996-06-18;13;14;Penélope;284
Draco Rosa;Vagabundo;1996-06-18;13;14;Delirios;180
Draco Rosa;Vagabundo;1996-06-18;13;14;Para No Olvidar;256
Draco Rosa;Vagabundo;1996-06-18;13;14;Blanca Mujer;231
Draco Rosa;Vagabundo;1996-06-18;13;14;Vertigo;164
Draco Rosa;Vagabundo;1996-06-18;13;14;Vivir;261
Draco Rosa;Vagabundo;1996-06-18;13;14;Brujería;209
Draco Rosa;Vagabundo;1996-06-18;13;14;La Flor Del Frio;235
Draco Rosa;Vagabundo;1996-06-18;13;14;Amantes Hasta el Fin;303
Draco Rosa;Vagabundo;1996-06-18;13;14;Mientras Camino;38
Elvis Crespo;Suavemente;1998-04-14;14;10;Suavemente;267
Elvis Crespo;Suavemente;1998-04-14;14;10;Nuestra Cancion;209
Elvis Crespo;Suavemente;1998-04-14;14;10;Luna Llena;266
Elvis Crespo;Suavemente;1998-04-14;14;10;Me Arrepiento;226
Elvis Crespo;Suavemente;1998-04-14;14;10;Princesita;288
Elvis Crespo;Suavemente;1998-04-14;14;10;Tu Sonrisa;274
Elvis Crespo;Suavemente;1998-04-14;14;10;Yo Me Moriré;212
Elvis Crespo;Suavemente;1998-04-14;14;10;Llorando;237
Elvis Crespo;Suavemente;1998-04-14;14;10;¿Por Qué?;265
Elvis Crespo;Suavemente;1998-04-14;14;10;Te Vas;259
Enrique Iglesias;Vivir;1997-01-21;15;10;Enamorado Por Primera Vez;269
Enrique Iglesias;Vivir;1997-01-21;15;10;Al Despertar;255
Enrique Iglesias;Vivir;1997-01-21;15;10;Lluvia Cae;273
Enrique Iglesias;Vivir;1997-01-21;15;10;Tu Vacio;235
Enrique Iglesias;Vivir;1997-01-21;15;10;Solo En Tí (Only You);211
Enrique Iglesias;Vivir;1997-01-21;15;10;Miente;216
Enrique Iglesias;Vivir;1997-01-21;15;10;Viviré Y Moriré;244
Enrique Iglesias;Vivir;1997-01-21;15;10;Volveré;277
Enrique Iglesias;Vivir;1997-01-21;15;10;El Muro;253
Enrique Iglesias;Vivir;1997-01-21;15;10;Revolucíon;238
Los Fabulosos Cadillacs;Vasos Vacios;1993-06-18;16;17;Cadillacs (Version '93) - Remasterizado 2008;95
Los Fabulosos Cadillacs;Vasos Vacios;1993-06-18;16;17;Matador - Remasterizado 2008;276
Los Fabulosos Cadillacs;Vasos Vacios;1993-06-18;16;17;Te Tiraré del Altar (Versión '93) - Remasterizado 2008;187
Los Fabulosos Cadillacs;Vasos Vacios;1993-06-18;16;17;Quinto Centenario - Remasterizado 2008;235
Los Fabulosos Cadillacs;Vasos Vacios;1993-06-18;16;17;Mi Novia Se Cayó En Un Pozo Ciego (Versión '93) - Remasterizado 2008;160
Los Fabulosos Cadillacs;Vasos Vacios;1993-06-18;16;17;El Satánico Dr. Cadillac (Versión '93) - Remasterizado 2008;257
Los Fabulosos Cadillacs;Vasos Vacios;1993-06-18;16;17;Gitana (Remix) - Remasterizado 2008;193
Los Fabulosos Cadillacs;Vasos Vacios;1993-06-18;16;17;Siguiendo la Luna - Remasterizado 2008;300
Los Fabulosos Cadillacs;Vasos Vacios;1993-06-18;16;17;Manuel Santillán, el León (Versión Reggae) - Remasterizado 2008;240
Los Fabulosos Cadillacs;Vasos Vacios;1993-06-18;16;17;Demasiada Presión - Remasterizado 2008;251
Los Fabulosos Cadillacs;Vasos Vacios;1993-06-18;16;17;Vasos Vacíos - Remasterizado 2008;281
Los Fabulosos Cadillacs;Vasos Vacios;1993-06-18;16;17;Revolution Rock - Remasterizado 2008;299
Los Fabulosos Cadillacs;Vasos Vacios;1993-06-18;16;17;Yo No Me Sentaría en Tu Mesa - Remasterizado 2008;174
Los Fabulosos Cadillacs;Vasos Vacios;1993-06-18;16;17;Yo Te Avisé - Remasterizado 2008;190
Los Fabulosos Cadillacs;Vasos Vacios;1993-06-18;16;17;El Genio del Dub - Remasterizado 2008;324
Los Fabulosos Cadillacs;Vasos Vacios;1993-06-18;16;17;Silencio Hospital (Demo '85) - Remasterizado 2008;128
Los Fabulosos Cadillacs;Vasos Vacios;1993-06-18;16;17;Basta De Llamarme Así - Remasterizado 2008;216
Franco De Vita;Al Norte Del Sur;1988;17;11;Te Equivocaste Conmigo;275
Franco De Vita;Al Norte Del Sur;1988;17;11;Louis;310
Franco De Vita;Al Norte Del Sur;1988;17;11;Te Amo;227
Franco De Vita;Al Norte Del Sur;1988;17;11;Un Poco De Respeto;231
Franco De Vita;Al Norte Del Sur;1988;17;11;Aun Vivo;226
Franco De Vita;Al Norte Del Sur;1988;17;11;Promesas;258
Franco De Vita;Al Norte Del Sur;1988;17;11;Soy Como Soy;256
Franco De Vita;Al Norte Del Sur;1988;17;11;Esta Vez;232
Franco De Vita;Al Norte Del Sur;1988;17;11;Loco De Atar;242
Franco De Vita;Al Norte Del Sur;1988;17;11;Plaza Del Centro;261
Franco De Vita;Al Norte Del Sur;1988;17;11;Al Norte Del Sur;160
Gloria Estefan;Mi Tierra;1993-06-03;18;12;Con los Años Que Me Quedan;277
Gloria Estefan;Mi Tierra;1993-06-03;18;12;Mi Tierra;278
Gloria Estefan;Mi Tierra;1993-06-03;18;12;Ayer;315
Gloria Estefan;Mi Tierra;1993-06-03;18;12;Mi Buen Amor;228
Gloria Estefan;Mi Tierra;1993-06-03;18;12;Tus Ojos;251
Gloria Estefan;Mi Tierra;1993-06-03;18;12;No Hay Mal Que por Bien No Venga;327
Gloria Estefan;Mi Tierra;1993-06-03;18;12;Si Senor!...;280
Gloria Estefan;Mi Tierra;1993-06-03;18;12;Volverás;233
Gloria Estefan;Mi Tierra;1993-06-03;18;12;Montuno;296
Gloria Estefan;Mi Tierra;1993-06-03;18;12;Hablemos el Mismo Idioma;284
Gloria Estefan;Mi Tierra;1993-06-03;18;12;Hablas de Mi;220
Gloria Estefan;Mi Tierra;1993-06-03;18;12;Tradición;320
Gloria Trevi;Tu Angel De La Guarda;1991-07-23;19;12;Pelo Suelto;207
Gloria Trevi;Tu Angel De La Guarda;1991-07-23;19;12;Virgen de las Vírgenes;209
Gloria Trevi;Tu Angel De La Guarda;1991-07-23;19;12;Tu Ángel de la Guarda;240
Gloria Trevi;Tu Angel De La Guarda;1991-07-23;19;12;Jei! (Escucha);156
Gloria Trevi;Tu Angel De La Guarda;1991-07-23;19;12;Ya No!;211
Gloria Trevi;Tu Angel De La Guarda;1991-07-23;19;12;Jack El Reprobador;192
Gloria Trevi;Tu Angel De La Guarda;1991-07-23;19;12;Agárrate;181
Gloria Trevi;Tu Angel De La Guarda;1991-07-23;19;12;Hoy Me Iré de Casa;260
Gloria Trevi;Tu Angel De La Guarda;1991-07-23;19;12;La Pasabas Bien Conmigo;221
Gloria Trevi;Tu Angel De La Guarda;1991-07-23;19;12;La Primera Vez (Como Si Fuera);235
Gloria Trevi;Tu Angel De La Guarda;1991-07-23;19;12;Amor Apache;211
Gloria Trevi;Tu Angel De La Guarda;1991-07-23;19;12;Siempre Yo;211
Grupo Niche;Cielo De Tambores;1988;20;14;Duele Más;339
Grupo Niche;Cielo De Tambores;1988;20;14;Hagamos Lo Que Diga El Corazón;303
Grupo Niche;Cielo De Tambores;1988;20;14;Una Aventura;316
Grupo Niche;Cielo De Tambores;1988;20;14;Mi Pueblo;320
Grupo Niche;Cielo De Tambores;1988;20;14;Cali Ají;277
Grupo Niche;Cielo De Tambores;1988;20;14;Mexico, Mexico;327
Grupo Niche;Cielo De Tambores;1988;20;14;Se Pareció Tanto a Ti;328
Grupo Niche;Cielo De Tambores;1988;20;14;La Negra No Quiere;346
Grupo Niche;Cielo De Tambores;1988;20;14;Nuestro Sueño;359
Grupo Niche;Cielo De Tambores;1988;20;14;Bar y Copas;258
Grupo Niche;Cielo De Tambores;1988;20;14;Sin Sentimientos;294
Grupo Niche;Cielo De Tambores;1988;20;14;Te Enseñare A Olvidar;310
Grupo Niche;Cielo De Tambores;1988;20;14;Atrevida;277
Grupo Niche;Cielo De Tambores;1988;20;14;Busca Por Dentro;354
Hector Lavoe;Comedia;1978-01-01;21;7;El Cantante;627
Hector Lavoe;Comedia;1978-01-01;21;7;Comedia;211
Hector Lavoe;Comedia;1978-01-01;21;7;La Verdad;333
Hector Lavoe;Comedia;1978-01-01;21;7;Tiempos Pasados;269
Hector Lavoe;Comedia;1978-01-01;21;7;Bandolera;575
Hector Lavoe;Comedia;1978-01-01;21;7;Porque Te Conocí?;290
Hector Lavoe;Comedia;1978-01-01;21;7;Songoro Cosongo;470
Irakere;Irakere;2014-02-18;22;8;Chequere son;412
Irakere;Irakere;2014-02-18;22;8;38 1/2;316
Irakere;Irakere;2014-02-18;22;8;En nosotros;267
Irakere;Irakere;2014-02-18;22;8;Juana 1600;358
Irakere;Irakere;2014-02-18;22;8;Moja el pan;235
Irakere;Irakere;2014-02-18;22;8;Este camino largo;409
Irakere;Irakere;2014-02-18;22;8;Xiomara Mayoral-Xiomara;336
Irakere;Irakere;2014-02-18;22;8;Iya;342
Joan Manuel Serrat;Mediterráneo;1971;23;10;Mediterraneo;205
Joan Manuel Serrat;Mediterráneo;1971;23;10;Aquellas Pequeñas Cosas;110
Joan Manuel Serrat;Mediterráneo;1971;23;10;La Mujer Que Yo Quiero;229
Joan Manuel Serrat;Mediterráneo;1971;23;10;Pueblo Blanco;289
Joan Manuel Serrat;Mediterráneo;1971;23;10;Tio Alberto;201
Joan Manuel Serrat;Mediterráneo;1971;23;10;Que Va a Ser de Ti;278
Joan Manuel Serrat;Mediterráneo;1971;23;10;Lucia;184
Joan Manuel Serrat;Mediterráneo;1971;23;10;Vagabundear;158
Joan Manuel Serrat;Mediterráneo;1971;23;10;Barquito de Papel;178
Joan Manuel Serrat;Mediterráneo;1971;23;10;Vencidos;200
Joan Sebastian;Secreto De Amor;2000-04-05;24;10;Secreto De Amor;273
Joan Sebastian;Secreto De Amor;2000-04-05;24;10;Amorcito Mío;178
Joan Sebastian;Secreto De Amor;2000-04-05;24;10;Con Besos;166
Joan Sebastian;Secreto De Amor;2000-04-05;24;10;Un Idiota;199
Joan Sebastian;Secreto De Amor;2000-04-05;24;10;Rima;193
Joan Sebastian;Secreto De Amor;2000-04-05;24;10;El Toro;196
Joan Sebastian;Secreto De Amor;2000-04-05;24;10;Me Gustas;208
Joan Sebastian;Secreto De Amor;2000-04-05;24;10;Anoche Hablamos;210
Joan Sebastian;Secreto De Amor;2000-04-05;24;10;Un Vaquero En La Ciudad;206
Joan Sebastian;Secreto De Amor;2000-04-05;24;10;Julián;203
Joaquín Sabina;19 Dias Y 500 Noches;1999-08-10;25;13;Ahora Que...;409
Joaquín Sabina;19 Dias Y 500 Noches;1999-08-10;25;13;19 Dias y 500 Noches;284
Joaquín Sabina;19 Dias Y 500 Noches;1999-08-10;25;13;Barbi Superestar;397
Joaquín Sabina;19 Dias Y 500 Noches;1999-08-10;25;13;Una Canción para la Magdalena;254
Joaquín Sabina;19 Dias Y 500 Noches;1999-08-10;25;13;Dieguitos y Mafaldas;335
Joaquín Sabina;19 Dias Y 500 Noches;1999-08-10;25;13;A Mis Cuarenta y Diez;431
Joaquín Sabina;19 Dias Y 500 Noches;1999-08-10;25;13;El Caso de la Rubia Platino;290
Joaquín Sabina;19 Dias Y 500 Noches;1999-08-10;25;13;Donde Habita el Olvido;211
Joaquín Sabina;19 Dias Y 500 Noches;1999-08-10;25;13;Cerrado por Derribo;276
Joaquín Sabina;19 Dias Y 500 Noches;1999-08-10;25;13;Pero Qué Hermosas Eran;448
Joaquín Sabina;19 Dias Y 500 Noches;1999-08-10;25;13;De Purísima y Oro;291
Joaquín Sabina;19 Dias Y 500 Noches;1999-08-10;25;13;"Como Te Digo una ""Co"" Te Digo la ""O""";521
Joaquín Sabina;19 Dias Y 500 Noches;1999-08-10;25;13;Noches de Boda;283
José José;Secretos;1985-07-15;26;10;Lo Dudo;220
José José;Secretos;1985-07-15;26;10;El Amor Acaba;260
José José;Secretos;1985-07-15;26;10;Voy a Llenarte Toda;325
José José;Secretos;1985-07-15;26;10;Cuando Vayas Conmigo;235
José José;Secretos;1985-07-15;26;10;Entre Ella y Tú;213
José José;Secretos;1985-07-15;26;10;Lágrimas;312
José José;Secretos;1985-07-15;26;10;He Renunciado a Ti - Remasterizado;235
José José;Secretos;1985-07-15;26;10;Quiero Perderme Contigo;296
José José;Secretos;1985-07-15;26;10;Esta Noche Te Voy a Estrenar;308
José José;Secretos;1985-07-15;26;10;A Esa;184
Juan Gabriel;Siempre En Mi Mente;1978-01-26;27;10;Siempre en Mi Mente;206
Juan Gabriel;Siempre En Mi Mente;1978-01-26;27;10;María José;209
Juan Gabriel;Siempre En Mi Mente;1978-01-26;27;10;Extraño Tus Ojos;350
Juan Gabriel;Siempre En Mi Mente;1978-01-26;27;10;Canta, Vive y Sueña;155
Juan Gabriel;Siempre En Mi Mente;1978-01-26;27;10;Lágrimas Tristes;184
Juan Gabriel;Siempre En Mi Mente;1978-01-26;27;10;Dénme un Ride;173
Juan Gabriel;Siempre En Mi Mente;1978-01-26;27;10;Adiós Cariño;172
Juan Gabriel;Siempre En Mi Mente;1978-01-26;27;10;Mi Oración;218
Juan Gabriel;Siempre En Mi Mente;1978-01-26;27;10;Cómo Me Haces Falta Tú;166
Juan Gabriel;Siempre En Mi Mente;1978-01-26;27;10;Adiós;251
Juan Luis Guerra;Bachata Rosa;1990-01-01;28;10;Rosalía;207
Juan Luis Guerra;Bachata Rosa;1990-01-01;28;10;Como Abeja al Panal;246
Juan Luis Guerra;Bachata Rosa;1990-01-01;28;10;Carta de Amor;280
Juan Luis Guerra;Bachata Rosa;1990-01-01;28;10;Estrellitas y Duendes;266
Juan Luis Guerra;Bachata Rosa;1990-01-01;28;10;A Pedir Su Mano;295
Juan Luis Guerra;Bachata Rosa;1990-01-01;28;10;La Bilirrubina;245
Juan Luis Guerra;Bachata Rosa;1990-01-01;28;10;Burbujas de Amor;251
Juan Luis Guerra;Bachata Rosa;1990-01-01;28;10;Bachata Rosa;257
Juan Luis Guerra;Bachata Rosa;1990-01-01;28;10;Reforéstame;247
Juan Luis Guerra;Bachata Rosa;1990-01-01;28;10;Acompáñeme Civil;299
Juanes;Un Dia Normal;2002-01-01;29;12;A Dios Le Pido;205
Juanes;Un Dia Normal;2002-01-01;29;12;Es Por Ti;251
Juanes;Un Dia Normal;2002-01-01;29;12;Un Día Normal;223
Juanes;Un Dia Normal;2002-01-01;29;12;La Paga;205
Juanes;Un Dia Normal;2002-01-01;29;12;La Única;185
Juanes;Un Dia Normal;2002-01-01;29;12;Luna;213
Juanes;Un Dia Normal;2002-01-01;29;12;Día Lejano;213
Juanes;Un Dia Normal;2002-01-01;29;12;Mala Gente;197
Juanes;Un Dia Normal;2002-01-01;29;12;Fotografía;238
Juanes;Un Dia Normal;2002-01-01;29;12;Desde Que Despierto Hasta Que Duermo;234
Juanes;Un Dia Normal;2002-01-01;29;12;La Historia De Juan;218
Juanes;Un Dia Normal;2002-01-01;29;12;La Noche;176
Julio Iglesias;El Amor;1975;30;10;Abrazame;211
Julio Iglesias;El Amor;1975;30;10;A Veces Tu, A Veces Yo;171
Julio Iglesias;El Amor;1975;30;10;Tema de Amor (Love's Theme);187
Julio Iglesias;El Amor;1975;30;10;Quien;219
Julio Iglesias;El Amor;1975;30;10;Cuidado Amor;240
Julio Iglesias;El Amor;1975;30;10;Quiero;169
Julio Iglesias;El Amor;1975;30;10;El Amor;168
Julio Iglesias;El Amor;1975;30;10;Mi Dulce Señor;214
Julio Iglesias;El Amor;1975;30;10;Dejala;166
Julio Iglesias;El Amor;1975;30;10;Candilejas;253
Linda Ronstadt;Canciones De Mi Padre;1987;31;13;Por Un Amor (For a Love);181
Linda Ronstadt;Canciones De Mi Padre;1987;31;13;Los Laureles (The Laurels);150
Linda Ronstadt;Canciones De Mi Padre;1987;31;13;Hay Unos Ojos (There Are Some Eyes);168
Linda Ronstadt;Canciones De Mi Padre;1987;31;13;La Cigarra (The Cicada);229
Linda Ronstadt;Canciones De Mi Padre;1987;31;13;Tú Sólo Tú (You Only You);192
Linda Ronstadt;Canciones De Mi Padre;1987;31;13;Y Andale (Get on With It);158
Linda Ronstadt;Canciones De Mi Padre;1987;31;13;Rogaciano El Huapanguero (Rogiciano);186
Linda Ronstadt;Canciones De Mi Padre;1987;31
;13;La Charreada (The Charreada);225
Linda Ronstadt;Canciones De Mi Padre;1987;31;13;Dos Arbolitos (Two Little Trees);156
Linda Ronstadt;Canciones De Mi Padre;1987;31;13;Corrido DeCananea (Ballad of Cananea);208
Linda Ronstadt;Canciones De Mi Padre;1987;31;13;La Barca De Guaymas (The Boat from Guaymas);205
Linda Ronstadt;Canciones De Mi Padre;1987;31;13;La Calandria (The Lark);184
Linda Ronstadt;Canciones De Mi Padre;1987;31;13;El Sol Que Tú Eres (The Sun That You Are) - 1999 Remaster;184
Los Tigres Del Norte;Jefe De Jefes;2006-03-07;32;19;Jefe De Jefes;215
Los Tigres Del Norte;Jefe De Jefes;2006-03-07;32;19;El Sucesor;183
Los Tigres Del Norte;Jefe De Jefes;2006-03-07;32;19;Por Debajo Del Agua;198
Los Tigres Del Norte;Jefe De Jefes;2006-03-07;32;19;El Dolor De Un Padre;218
Los Tigres Del Norte;Jefe De Jefes;2006-03-07;32;19;También Las Mujeres Pueden;219
Los Tigres Del Norte;Jefe De Jefes;2006-03-07;32;19;El Rengo Del Gallo Giro;187
Los Tigres Del Norte;Jefe De Jefes;2006-03-07;32;19;Carne Quemada;176
Los Tigres Del Norte;Jefe De Jefes;2006-03-07;32;19;Mis Dos Patrias;213
Los Tigres Del Norte;Jefe De Jefes;2006-03-07;32;19;El Prisionero;202
Los Tigres Del Norte;Jefe De Jefes;2006-03-07;32;19;El Mojado Acaudalado;223
Los Tigres Del Norte;Jefe De Jefes;2006-03-07;32;19;Ni Aquí Ni Allá;215
Los Tigres Del Norte;Jefe De Jefes;2006-03-07;32;19;El Tarasco;222
Los Tigres Del Norte;Jefe De Jefes;2006-03-07;32;19;La Paloma;186
Los Tigres Del Norte;Jefe De Jefes;2006-03-07;32;19;Jesús Amado;189
Los Tigres Del Norte;Jefe De Jefes;2006-03-07;32;19;Lo Que Sembré Allá En La Sierra;181
Los Tigres Del Norte;Jefe De Jefes;2006-03-07;32;19;El Plantón;206
Los Tigres Del Norte;Jefe De Jefes;2006-03-07;32;19;Las Novias Del Traficante;195
Los Tigres Del Norte;Jefe De Jefes;2006-03-07;32;19;El General;206
Los Tigres Del Norte;Jefe De Jefes;2006-03-07;32;19;El Mojado Acaudalado - Acustico Version;277
Luis Miguel;Romance;1991-11-19;33;12;No Me Platiques Más;211
Luis Miguel;Romance;1991-11-19;33;12;Inolvidable;258
Luis Miguel;Romance;1991-11-19;33;12;La Puerta;199
Luis Miguel;Romance;1991-11-19;33;12;La Barca;210
Luis Miguel;Romance;1991-11-19;33;12;Te Extraño;266
Luis Miguel;Romance;1991-11-19;33;12;Usted;223
Luis Miguel;Romance;1991-11-19;33;12;Contigo En La Distancia;204
Luis Miguel;Romance;1991-11-19;33;12;Mucho Corazón;204
Luis Miguel;Romance;1991-11-19;33;12;La Mentira;226
Luis Miguel;Romance;1991-11-19;33;12;Cuando Vuelva a Tu Lado;229
Luis Miguel;Romance;1991-11-19;33;12;No Sé Tú;230
Luis Miguel;Romance;1991-11-19;33;12;Cómo;195
Maná;¿Dónde Jugarán Los Niños?;1992;34;12;De Pies A Cabeza;276
Maná;¿Dónde Jugarán Los Niños?;1992;34;12;Oye Mi Amor;263
Maná;¿Dónde Jugarán Los Niños?;1992;34;12;Cachito;286
Maná;¿Dónde Jugarán Los Niños?;1992;34;12;Vivir Sin Aire;291
Maná;¿Dónde Jugarán Los Niños?;1992;34;12;¿Dónde Jugarán Los Niños?;254
Maná;¿Dónde Jugarán Los Niños?;1992;34;12;El Desierto;251
Maná;¿Dónde Jugarán Los Niños?;1992;34;12;La Chula;250
Maná;¿Dónde Jugarán Los Niños?;1992;34;12;Cómo Te Deseo;270
Maná;¿Dónde Jugarán Los Niños?;1992;34;12;Te Lloré Un Río;293
Maná;¿Dónde Jugarán Los Niños?;1992;34;12;Cómo Diablos;235
Maná;¿Dónde Jugarán Los Niños?;1992;34;12;Huele A Tristeza;287
Maná;¿Dónde Jugarán Los Niños?;1992;34;12;Me Vale;271
Manu Chao;Clandestino;1998-10-06;35;16;Clandestino;149
Manu Chao;Clandestino;1998-10-06;35;16;Desaparecido;227
Manu Chao;Clandestino;1998-10-06;35;16;Bongo Bong;158
Manu Chao;Clandestino;1998-10-06;35;16;Je ne t'aime plus;123
Manu Chao;Clandestino;1998-10-06;35;16;Mentira;277
Manu Chao;Clandestino;1998-10-06;35;16;Lágrimas de oro;178
Manu Chao;Clandestino;1998-10-06;35;16;Mama Call;141
Manu Chao;Clandestino;1998-10-06;35;16;Luna y sol;187
Manu Chao;Clandestino;1998-10-06;35;16;Por el suelo;141
Manu Chao;Clandestino;1998-10-06;35;16;Welcome to Tijuana;244
Manu Chao;Clandestino;1998-10-06;35;16;Día luna...Día pena;90
Manu Chao;Clandestino;1998-10-06;35;16;Malegría;175
Manu Chao;Clandestino;1998-10-06;35;16;La vie à 2;181
Manu Chao;Clandestino;1998-10-06;35;16;Minha galera;142
Manu Chao;Clandestino;1998-10-06;35;16;La despedida;190
Manu Chao;Clandestino;1998-10-06;35;16;El viento;149
Marc Anthony;Todo a Su Tiempo;1995-01-01;36;9;Se Me Sigue Olvidando;294
Marc Anthony;Todo a Su Tiempo;1995-01-01;36;9;Te Conozco Bien;314
Marc Anthony;Todo a Su Tiempo;1995-01-01;36;9;Hasta Ayer;279
Marc Anthony;Todo a Su Tiempo;1995-01-01;36;9;Nadie Como Ella;296
Marc Anthony;Todo a Su Tiempo;1995-01-01;36;9;Te Amare;288
Marc Anthony;Todo a Su Tiempo;1995-01-01;36;9;Llegaste A Mi;296
Marc Anthony;Todo a Su Tiempo;1995-01-01;36;9;Y Sigues Siendo Tu;275
Marc Anthony;Todo a Su Tiempo;1995-01-01;36;9;Por Amar Se Da Todo;299
Marc Anthony;Todo a Su Tiempo;1995-01-01;36;9;Vieja Mesa;264
Marco Antonio Solís;Trozos De Mi Alma;2003-01-01;37;10;Si No Te Hubieras Ido;288
Marco Antonio Solís;Trozos De Mi Alma;2003-01-01;37;10;Amor En Silencio;235
Marco Antonio Solís;Trozos De Mi Alma;2003-01-01;37;10;Se Va Muriendo Mi Alma;271
Marco Antonio Solís;Trozos De Mi Alma;2003-01-01;37;10;Mi Eterno Amor Secreto;224
Marco Antonio Solís;Trozos De Mi Alma;2003-01-01;37;10;Sigue Sin Mí;239
Marco Antonio Solís;Trozos De Mi Alma;2003-01-01;37;10;Si Te Pudiera Mentir;262
Marco Antonio Solís;Trozos De Mi Alma;2003-01-01;37;10;La Ultima Parte;276
Marco Antonio Solís;Trozos De Mi Alma;2003-01-01;37;10;Invéntame;209
Marco Antonio Solís;Trozos De Mi Alma;2003-01-01;37;10;A Que Me Quedo Contigo;257
Marco Antonio Solís;Trozos De Mi Alma;2003-01-01;37;10;El Peor De Mis Fracasos;254
Mercedes Sosa;Homenaje a Violeta Parra;1993-01-01;38;17;Aquellas Pequeñas Cosas (with Joan Manuel Serrat);158
Mercedes Sosa;Homenaje a Violeta Parra;1993-01-01;38;17;Barro Tal Vez (with Luis Alberto Spinetta);226
Mercedes Sosa;Homenaje a Violeta Parra;1993-01-01;38;17;Sea (with Jorge Drexler);219
Mercedes Sosa;Homenaje a Violeta Parra;1993-01-01;38;17;Coração Vagabundo (with Caetano Veloso);228
Mercedes Sosa;Homenaje a Violeta Parra;1993-01-01;38;17;La Maza (with Shakira);258
Mercedes Sosa;Homenaje a Violeta Parra;1993-01-01;38;17;Zamba para Olvidarte (with Diego Torres);302
Mercedes Sosa;Homenaje a Violeta Parra;1993-01-01;38;17;Agua, Fuego, Tierra y Viento (with Soledad);221
Mercedes Sosa;Homenaje a Violeta Parra;1993-01-01;38;17;Celador De Sueños (with Gustavo Santaolalla & Orozco - Barrientos);218
Mercedes Sosa;Homenaje a Violeta Parra;1993-01-01;38;17;Sabiéndose de los Descalzos (with Julieta Venegas);174
Mercedes Sosa;Homenaje a Violeta Parra;1993-01-01;38;17;Himno de Mi Corazón (with León Gieco);250
Mercedes Sosa;Homenaje a Violeta Parra;1993-01-01;38;17;Novicia (with Victor Heredia);284
Mercedes Sosa;Homenaje a Violeta Parra;1993-01-01;38;17;Zamba De Los Adioses (with Dúo Nuevo Cuyo);255
Mercedes Sosa;Homenaje a Violeta Parra;1993-01-01;38;17;Nada (with Maria Graña);230
Mercedes Sosa;Homenaje a Violeta Parra;1993-01-01;38;17;Esa Musiquita (with Teresa Parodi);188
Mercedes Sosa;Homenaje a Violeta Parra;1993-01-01;38;17;Romance De La Luna Tucumana (with Juan Quintero & Luna Monti);257
Mercedes Sosa;Homenaje a Violeta Parra;1993-01-01;38;17;Deja la Vida Volar (with Pedro Aznar);235
Mercedes Sosa;Homenaje a Violeta Parra;1993-01-01;38;17;Pájaro De Rodillas (with Nacha Roldán);223
Paco De Lucia;Fuente Y Caudal;1997-09-23;39;256;Patio Custodio (Bulería);285
Paco De Lucia;Fuente Y Caudal;1997-09-23;39;256;Cositas Buenas (Tangos);263
Paco De Lucia;Fuente Y Caudal;1997-09-23;39;256;Antonia (Bulería Por Soleá);388
Paco De Lucia;Fuente Y Caudal;1997-09-23;39;256;El Dengue (Rumba);243
Paco De Lucia;Fuente Y Caudal;1997-09-23;39;256;Volar (Bulería);331
Paco De Lucia;Fuente Y Caudal;1997-09-23;39;256;El Tesorillo (Tientos);279
Paco De Lucia;Fuente Y Caudal;1997-09-23;39;256;Que Venga El Alba (Bulería);252
Paco De Lucia;Fuente Y Caudal;1997-09-23;39;256;Casa Bernardo (Rumba);254
Paco De Lucia;Fuente Y Caudal;1997-09-23;39;256;Zorongo Gitano;176
Paco De Lucia;Fuente Y Caudal;1997-09-23;39;256;Sevillanas Del Siglo XVIII;189
Paco De Lucia;Fuente Y Caudal;1997-09-23;39;256;Las Morillas De Jaen;174
Paco De Lucia;Fuente Y Caudal;1997-09-23;39;256;Anda Jaleo;240
Paco De Lucia;Fuente Y Caudal;1997-09-23;39;256;Los Mozos De Monleon;180
Paco De Lucia;Fuente Y Caudal;1997-09-23;39;256;Los Reyes De La Baraja;170
Paco De Lucia;Fuente Y Caudal;1997-09-23;39;256;Los Cuatro Muleros;168
Paco De Lucia;Fuente Y Caudal;1997-09-23;39;256;Nana De Sevilla;189
Paco De Lucia;Fuente Y Caudal;1997-09-23;39;256;Cafe De Chinitas;226
Paco De Lucia;Fuente Y Caudal;1997-09-23;39;256;El Vito;171
Paco De Lucia;Fuente Y Caudal;1997-09-23;39;256;Los Peregrinitos;209
Paco De Lucia;Fuente Y Caudal;1997-09-23;39;256;Las Tres Hojas;146
Paco De Lucia;Fuente Y Caudal;1997-09-23;39;256;Malagueña;209
Paco De Lucia;Fuente Y Caudal;1997-09-23;39;256;A Tu Vera;180
Paco De Lucia;Fuente Y Caudal;1997-09-23;39;256;Maria De La O;139
Paco De Lucia;Fuente Y Caudal;1997-09-23;39;256;Moliendo Cafe;146
Paco De Lucia;Fuente Y Caudal;1997-09-23;39;256;Tangos De La Vieja Rica;188
Paco De Lucia;Fuente Y Caudal;1997-09-23;39;256;Sevillanas Populares;160
Paco De Lucia;Fuente Y Caudal;1997-09-23;39;256;Ojos Verdes;166
Paco De Lucia;Fuente Y Caudal;1997-09-23;39;256;La Luna Y El Toro;170
Paco De Lucia;Fuente Y Caudal;1997-09-23;39;256;La Nina De Puerta Oscura;178
Paco De Lucia;Fuente Y Caudal;1997-09-23;39;256;La Carcel De Oro;119
Paco De Lucia;Fuente Y Caudal;1997-09-23;39;256;No Me Digas Que No;179
Paco De Lucia;Fuente Y Caudal;1997-09-23;39;256;El Emigrante;184
Paco De Lucia;Fuente Y Caudal;1997-09-23;39;256;Los Pescadores De Perlas;169
Paco De Lucia;Fuente Y Caudal;1997-09-23;39;256;Tango De La Rosa;187
Paco De Lucia;Fuente Y Caudal;1997-09-23;39;256;Si No Me More;189
Paco De Lucia;Fuente Y Caudal;1997-09-23;39;256;El Amor De Laura;137
Paco De Lucia;Fuente Y Caudal;1997-09-23;39;256;La Luna Sobre Las Ruinas Del Castillo;154
Paco De Lucia;Fuente Y Caudal;1997-09-23;39;256;Celos;150
Paco De Lucia;Fuente Y Caudal;1997-09-23;39;256;La Virgen De La Macarena;237
Paco De Lucia;Fuente Y Caudal;1997-09-23;39;256;Que Sera, Sera;146
Paco De Lucia;Fuente Y Caudal;1997-09-23;39;256;Yo Que No Vivo Sin Ti;141
Paco De Lucia;Fuente Y Caudal;1997-09-23;39;256;Reserva El Ultimo Baile Para Mi;141
Paco De Lucia;Fuente Y Caudal;1997-09-23;39;256;Besame Mucho;192
Paco De Lucia;Fuente Y Caudal;1997-09-23;39;256;Perfidia;159
Paco De Lucia;Fuente Y Caudal;1997-09-23;39;256;Almoraima;324
Paco De Lucia;Fuente Y Caudal;1997-09-23;39;256;Cueva Del Gato;343
Paco De Lucia;Fuente Y Caudal;1997-09-23;39;256;El Cobre;189
Paco De Lucia;Fuente Y Caudal;1997-09-23;39;256;A La Perla De Cadiz;266
Paco De Lucia;Fuente Y Caudal;1997-09-23;39;256;Ole;257
Paco De Lucia;Fuente Y Caudal;1997-09-23;39;256;Plaza Alta;369
Paco De Lucia;Fuente Y Caudal;1997-09-23;39;256;Rio Ancho;268
Paco De Lucia;Fuente Y Caudal;1997-09-23;39;256;Llanos Del Real;218
Paco De Lucia;Fuente Y Caudal;1997-09-23;39;256;Que Viene El Coco;166
Paco De Lucia;Fuente Y Caudal;1997-09-23;39;256;La Zarzamora;146
Paco De Lucia;Fuente Y Caudal;1997-09-23;39;256;Canción Del Rio;203
Paco De Lucia;Fuente Y Caudal;1997-09-23;39;256;Al Conquero;146
Paco De Lucia;Fuente Y Caudal;1997-09-23;39;256;Los Piconeros;156
Paco De Lucia;Fuente Y Caudal;1997-09-23;39;256;Roja De Celos;181
Paco De Lucia;Fuente Y Caudal;1997-09-23;39;256;Pepa Banderas;147
Paco De Lucia;Fuente Y Caudal;1997-09-23;39;256;El Inclusero;185
Paco De Lucia;Fuente Y Caudal;1997-09-23;39;256;Limosna De Amores;153
Paco De Lucia;Fuente Y Caudal;1997-09-23;39;256;Romance Gitano;179
Paco De Lucia;Fuente Y Caudal;1997-09-23;39;256;Te Lo Juro Yo;157
Paco De Lucia;Fuente Y Caudal;1997-09-23;39;256;Abril En Sevilla;164
Paco De Lucia;Fuente Y Caudal;1997-09-23;39;256;Monasterio De Sal;284
Paco De Lucia;Fuente Y Caudal;1997-09-23;39;256;Gitanos Andaluces;295
Paco De Lucia;Fuente Y Caudal;1997-09-23;39;256;Castro Marin;253
Paco De Lucia;Fuente Y Caudal;1997-09-23;39;256;Herencia;336
Paco De Lucia;Fuente Y Caudal;1997-09-23;39;256;Convite;309
Paco De Lucia;Fuente Y Caudal;1997-09-23;39;256;Palenque;442
Paco De Lucia;Fuente Y Caudal;1997-09-23;39;256;Huida;239
Paco De Lucia;Fuente Y Caudal;1997-09-23;39;256;Concierto De Aranjuez: 1. Allegro Con Spirito;346
Paco De Lucia;Fuente Y Caudal;1997-09-23;39;256;Concierto De Aranjuez: 2. Adagio;692
Paco De Lucia;Fuente Y Caudal;1997-09-23;39;256;Concierto De Aranjuez: 3. Allegro Gentile;326
Paco De Lucia;Fuente Y Caudal;1997-09-23;39;256;Iberia: 1. Triana;299
Paco De Lucia;Fuente Y Caudal;1997-09-23;39;256;Iberia: 2. Albaicin;447
Paco De Lucia;Fuente Y Caudal;1997-09-23;39;256;Iberia: 3. Puerto;224
Paco De Lucia;Fuente Y Caudal;1997-09-23;39;256;Jerez En Fiestas;231
Paco De Lucia;Fuente Y Caudal;1997-09-23;39;256;En La Alcazaba;297
Paco De Lucia;Fuente Y Caudal;1997-09-23;39;256;Gaditanas;222
Paco De Lucia;Fuente Y Caudal;1997-09-23;39;256;Tientos Del Amanecer;251
Paco De Lucia;Fuente Y Caudal;1997-09-23;39;256;Guajira Flamenca;228
Paco De Lucia;Fuente Y Caudal;1997-09-23;39;256;Real De La Feria;168
Paco De Lucia;Fuente Y Caudal;1997-09-23;39;256;Taconeo Gitano;180
Paco De Lucia;Fuente Y Caudal;1997-09-23;39;256;Sortilegio;257
Paco De Lucia;Fuente Y Caudal;1997-09-23;39;256;Seguiriya Tradicional;247
Paco De Lucia;Fuente Y Caudal;1997-09-23;39;256;Entre Arrayanes;225
Paco De Lucia;Fuente Y Caudal;1997-09-23;39;256;Fuente De Carmona;258
Paco De Lucia;Fuente Y Caudal;1997-09-23;39;256;La Caleta;219
Paco De Lucia;Fuente Y Caudal;1997-09-23;39;256;Cielito Lindo;158
Paco De Lucia;Fuente Y Caudal;1997-09-23;39;256;Alma Llanera;176
Paco De Lucia;Fuente Y Caudal;1997-09-23;39;256;Mañana de Carnaval;165
Paco De Lucia;Fuente Y Caudal;1997-09-23;39;256;El Jarabe Tapatio;143
Paco De Lucia;Fuente Y Caudal;1997-09-23;39;256;La Flor De La Canela;152
Paco De Lucia;Fuente Y Caudal;1997-09-23;39;256;A Pesar De Todo;144
Paco De Lucia;Fuente Y Caudal;1997-09-23;39;256;Siboney;165
Paco De Lucia;Fuente Y Caudal;1997-09-23;39;256;Granada;164
Paco De Lucia;Fuente Y Caudal;1997-09-23;39;256;Fina Estampa;105
Paco De Lucia;Fuente Y Caudal;1997-09-23;39;256;Virgen De Amor;143
Paco De Lucia;Fuente Y Caudal;1997-09-23;39;256;Malaguena Salerosa;149
Paco De Lucia;Fuente Y Caudal;1997-09-23;39;256;Tomo Y Obligo;129
Paco De Lucia;Fuente Y Caudal;1997-09-23;39;256;Percusion Flamenca;225
Paco De Lucia;Fuente Y Caudal;1997-09-23;39;256;Barrio La Vina;208
Paco De Lucia;Fuente Y Caudal;1997-09-23;39;256;Doblan Campanas;347
Paco De Lucia;Fuente Y Caudal;1997-09-23;39;256;Farruca De Lucia;278
Paco De Lucia;Fuente Y Caudal;1997-09-23;39;256;Tientos De El Mentidero;210
Paco De Lucia;Fuente Y Caudal;1997-09-23;39;256;Farolillo De Feria;249
Paco De Lucia;Fuente Y Caudal;1997-09-23;39;256;De Madruga;195
Paco De Lucia;Fuente Y Caudal;1997-09-23;39;256;Cuando Canta El Gallo;232
Paco De Lucia;Fuente Y Caudal;1997-09-23;39;256;Punta Del Faro;241
Paco De Lucia;Fuente Y Caudal;1997-09-23;39;256;Canastera;250
Paco De Lucia;Fuente Y Caudal;1997-09-23;39;256;Guajiras De Lucia;194
Paco De Lucia;Fuente Y Caudal;1997-09-23;39;256;Con El Pensamiento;279
Paco De Lucia;Fuente Y Caudal;1997-09-23;39;256;El Tempul;219
Paco De Lucia;Fuente Y Caudal;1997-09-23;39;256;Al Puerto;289
Paco De Lucia;Fuente Y Caudal;1997-09-23;39;256;Maria De Los Dolores;207
Paco De Lucia;Fuente Y Caudal;1997-09-23;39;256;Taconeo Gitano;180
Paco De Lucia;Fuente Y Caudal;1997-09-23;39;256;Callecita Que Subes;296
Paco De Lucia;Fuente Y Caudal;1997-09-23;39;256;Recuerdos;187
Paco De Lucia;Fuente Y Caudal;1997-09-23;39;256;El Impetu;179
Paco De Lucia;Fuente Y Caudal;1997-09-23;39;256;El Rinconcillo;171
Paco De Lucia;Fuente Y Caudal;1997-09-23;39;256;Aires De Linares;364
Paco De Lucia;Fuente Y Caudal;1997-09-23;39;256;Mi Inspiración;188
Paco De Lucia;Fuente Y Caudal;1997-09-23;39;256;Guajiras De Lucia;200
Paco De Lucia;Fuente Y Caudal;1997-09-23;39;256;Mantilla De Feria;195
Paco De Lucia;Fuente Y Caudal;1997-09-23;39;256;El Tempul;206
Paco De Lucia;Fuente Y Caudal;1997-09-23;39;256;Panaderos Flamencos;155
Paco De Lucia;Fuente Y Caudal;1997-09-23;39;256;Generalife Bajo La Luna;278
Paco De Lucia;Fuente Y Caudal;1997-09-23;39;256;Fiesta En Moguer;194
Paco De Lucia;Fuente Y Caudal;1997-09-23;39;256;Lamento Minero;259
Paco De Lucia;Fuente Y Caudal;1997-09-23;39;256;Celosa;186
Paco De Lucia;Fuente Y Caudal;1997-09-23;39;256;Entre Dos Aguas;362
Paco De Lucia;Fuente Y Caudal;1997-09-23;39;256;Aires Choqueros;256
Paco De Lucia;Fuente Y Caudal;1997-09-23;39;256;Reflejo De Luna;234
Paco De Lucia;Fuente Y Caudal;1997-09-23;39;256;Solera;222
Paco De Lucia;Fuente Y Caudal;1997-09-23;39;256;Fuente Y Caudal;314
Paco De Lucia;Fuente Y Caudal;1997-09-23;39;256;Cepa Andaluza;348
Paco De Lucia;Fuente Y Caudal;1997-09-23;39;256;Los Pinares;215
Paco De Lucia;Fuente Y Caudal;1997-09-23;39;256;Plaza De San Juan;192
Paco De Lucia;Fuente Y Caudal;1997-09-23;39;256;La Estiba;351
Paco De Lucia;Fuente Y Caudal;1997-09-23;39;256;Beyond The Mirage;370
Paco De Lucia;Fuente Y Caudal;1997-09-23;39;256;Midsummer Night;277
Paco De Lucia;Fuente Y Caudal;1997-09-23;39;256;Manhã De Carnaval;372
Paco De Lucia;Fuente Y Caudal;1997-09-23;39;256;Letter From India;234
Paco De Lucia;Fuente Y Caudal;1997-09-23;39;256;Espiritu;330
Paco De Lucia;Fuente Y Caudal;1997-09-23;39;256;Le monastère dans les montagnes;374
Paco De Lucia;Fuente Y Caudal;1997-09-23;39;256;Azzura;478
Paco De Lucia;Fuente Y Caudal;1997-09-23;39;256;Cardeosa;396
Paco De Lucia;Fuente Y Caudal;1997-09-23;39;256;Gitanos Trianeros;222
Paco De Lucia;Fuente Y Caudal;1997-09-23;39;256;Llanto A Cadiz;206
Paco De Lucia;Fuente Y Caudal;1997-09-23;39;256;Recuerdo A Patino;188
Paco De Lucia;Fuente Y Caudal;1997-09-23;39;256;Punta Umbria;203
Paco De Lucia;Fuente Y Caudal;1997-09-23;39;256;Jerezana;183
Paco De Lucia;Fuente Y Caudal;1997-09-23;39;256;Viva La Union;282
Paco De Lucia;Fuente Y Caudal;1997-09-23;39;256;Llora La Siguiriya;195
Paco De Lucia;Fuente Y Caudal;1997-09-23;39;256;En La Caleta;203
Paco De Lucia;Fuente Y Caudal;1997-09-23;39;256;Impetu;176
Paco De Lucia;Fuente Y Caudal;1997-09-23;39;256;El Tajo;212
Paco De Lucia;Fuente Y Caudal;1997-09-23;39;256;Mi Nino Curro - Live In America / 1993;510
Paco De Lucia;Fuente Y Caudal;1997-09-23;39;256;La Barrosa - Live In America / 1993;295
Paco De Lucia;Fuente Y Caudal;1997-09-23;39;256;Alcazar De Sevilla - Live In America / 1993;534
Paco De Lucia;Fuente Y Caudal;1997-09-23;39;256;Peroche - Live In America / 1993;388
Paco De Lucia;Fuente Y Caudal;1997-09-23;39;256;Tio Sabas - Live In America / 1993;395
Paco De Lucia;Fuente Y Caudal;1997-09-23;39;256;Soniquete - Live In America / 1993;409
Paco De Lucia;Fuente Y Caudal;1997-09-23;39;256;Zyryab - Live In America / 1993;773
Paco De Lucia;Fuente Y Caudal;1997-09-23;39;256;Buana Buana King Kong - Live In America / 1993;315
Paco De Lucia;Fuente Y Caudal;1997-09-23;39;256;Palenque - Live In Spain / 1984;493
Paco De Lucia;Fuente Y Caudal;1997-09-23;39;256;Alta Mar - Live In Spain / 1984;700
Paco De Lucia;Fuente Y Caudal;1997-09-23;39;256;Solo Quiero Caminar - Live In Spain / 1984;589
Paco De Lucia;Fuente Y Caudal;1997-09-23;39;256;Chiquito - Live In Spain / 1984;357
Paco De Lucia;Fuente Y Caudal;1997-09-23;39;256;Gitanos Andaluces - Live In Italy / 1984;327
Paco De Lucia;Fuente Y Caudal;1997-09-23;39;256;Rio De La Miel;307
Paco De Lucia;Fuente Y Caudal;1997-09-23;39;256;La Villa Vieja;410
Paco De Lucia;Fuente Y Caudal;1997-09-23;39;256;Calle Municion;335
Paco De Lucia;Fuente Y Caudal;1997-09-23;39;256;Me Regale;334
Paco De Lucia;Fuente Y Caudal;1997-09-23;39;256;Luzia;338
Paco De Lucia;Fuente Y Caudal;1997-09-23;39;256;Manteca Colora;296
Paco De Lucia;Fuente Y Caudal;1997-09-23;39;256;El Chorruelo;356
Paco De Lucia;Fuente Y Caudal;1997-09-23;39;256;Camaron;367
Paco De Lucia;Fuente Y Caudal;1997-09-23;39;256;Amapola;174
Paco De Lucia;Fuente Y Caudal;1997-09-23;39;256;Pajaro Chogui;155
Paco De Lucia;Fuente Y Caudal;1997-09-23;39;256;Yo Vendo Unos Ojos Negros;120
Paco De Lucia;Fuente Y Caudal;1997-09-23;39;256;Guadalajara;153
Paco De Lucia;Fuente Y Caudal;1997-09-23;39;256;Limeña;149
Paco De Lucia;Fuente Y Caudal;1997-09-23;39;256;Las Mañanitas;158
Paco De Lucia;Fuente Y Caudal;1997-09-23;39;256;Alma, Corazon Y Vida;183
Paco De Lucia;Fuente Y Caudal;1997-09-23;39;256;Quizas Quizas Quizas;192
Paco De Lucia;Fuente Y Caudal;1997-09-23;39;256;Tico Tico;135
Paco De Lucia;Fuente Y Caudal;1997-09-23;39;256;Lamento Borincano;146
Paco De Lucia;Fuente Y Caudal;1997-09-23;39;256;Y Todo A Media Luz;179
Paco De Lucia;Fuente Y Caudal;1997-09-23;39;256;La Paloma;136
Paco De Lucia;Fuente Y Caudal;1997-09-23;39;256;Alegrias - En Vivo Desde El Teatro Real / 1975;315
Paco De Lucia;Fuente Y Caudal;1997-09-23;39;256;Tarantas - En Vivo Desde El Teatro Real / 1975;364
Paco De Lucia;Fuente Y Caudal;1997-09-23;39;256;Granainas - En Vivo Desde El Teatro Real / 1975;382
Paco De Lucia;Fuente Y Caudal;1997-09-23;39;256;Zapateado - En Vivo Desde El Teatro Real / 1975;259
Paco De Lucia;Fuente Y Caudal;1997-09-23;39;256;Solea - En Vivo Desde El Teatro Real / 1975;320
Paco De Lucia;Fuente Y Caudal;1997-09-23;39;256;Fandangos - En Vivo Desde El Teatro Real / 1975;257
Paco De Lucia;Fuente Y Caudal;1997-09-23;39;256;Guajiras - En Vivo Desde El Teatro Real / 1975;296
Paco De Lucia;Fuente Y Caudal;1997-09-23;39;256;Rumba - En Vivo Desde El Teatro Real / 1975;534
Paco De Lucia;Fuente Y Caudal;1997-09-23;39;256;Danza De Los Vecinos;190
Paco De Lucia;Fuente Y Caudal;1997-09-23;39;256;Danza Ritual Del Fuego;263
Paco De Lucia;Fuente Y Caudal;1997-09-23;39;256;Introduccion Y Pantomima;180
Paco De Lucia;Fuente Y Caudal;1997-09-23;39;256;El Pano Moruno;88
Paco De Lucia;Fuente Y Caudal;1997-09-23;39;256;Danza Del Molinero;184
Paco De Lucia;Fuente Y Caudal;1997-09-23;39;256;Danza;204
Paco De Lucia;Fuente Y Caudal;1997-09-23;39;256;Escena;86
Paco De Lucia;Fuente Y Caudal;1997-09-23;39;256;Cancion Del Fuego Fatuo;245
Paco De Lucia;Fuente Y Caudal;1997-09-23;39;256;Danza Del Terror;109
Paco De Lucia;Fuente Y Caudal;1997-09-23;39;256;Danza De La Molinera;242
Paco De Lucia;Fuente Y Caudal;1997-09-23;39;256;Rondeñas;258
Paco De Lucia;Fuente Y Caudal;1997-09-23;39;256;Aires Andaluces;128
Paco De Lucia;Fuente Y Caudal;1997-09-23;39;256;Piropo Gaditano;246
Paco De Lucia;Fuente Y Caudal;1997-09-23;39;256;Cielo Sevillano;132
Paco De Lucia;Fuente Y Caudal;1997-09-23;39;256;Esencia Gitana;217
Paco De Lucia;Fuente Y Caudal;1997-09-23;39;256;Por Donde Caminas;315
Paco De Lucia;Fuente Y Caudal;1997-09-23;39;256;Tema De Amor De La Pelicula La Sabina;155
Paco De Lucia;Fuente Y Caudal;1997-09-23;39;256;Tema de Celos;83
Paco De Lucia;Fuente Y Caudal;1997-09-23;39;256;Tema Andaluz;110
Paco De Lucia;Fuente Y Caudal;1997-09-23;39;256;Sevillanas A Dos Guitarras;192
Paco De Lucia;Fuente Y Caudal;1997-09-23;39;256;Gabarre;291
Paco De Lucia;Fuente Y Caudal;1997-09-23;39;256;Plaza Real;268
Paco De Lucia;Fuente Y Caudal;1997-09-23;39;256;Niquelao;305
Paco De Lucia;Fuente Y Caudal;1997-09-23;39;256;El Vito;206
Paco De Lucia;Fuente Y Caudal;1997-09-23;39;256;Mi Inspiración;197
Paco De Lucia;Fuente Y Caudal;1997-09-23;39;256;Malaguena De Lecuona;272
Paco De Lucia;Fuente Y Caudal;1997-09-23;39;256;Serrana De Malaga;251
Paco De Lucia;Fuente Y Caudal;1997-09-23;39;256;Rumba Improvisada;245
Paco De Lucia;Fuente Y Caudal;1997-09-23;39;256;Temas Del Pueblo;279
Paco De Lucia;Fuente Y Caudal;1997-09-23;39;256;Plazuela;231
Paco De Lucia;Fuente Y Caudal;1997-09-23;39;256;Zarda De Monty;179
Paco De Lucia;Fuente Y Caudal;1997-09-23;39;256;Andalucia De Lecuona;258
Paco De Lucia;Fuente Y Caudal;1997-09-23;39;256;Fuente Nueva;210
Paco De Lucia;Fuente Y Caudal;1997-09-23;39;256;La Canada;316
Paco De Lucia;Fuente Y Caudal;1997-09-23;39;256;Mi Nino Curro;209
Paco De Lucia;Fuente Y Caudal;1997-09-23;39;256;La Barrosa;278
Paco De Lucia;Fuente Y Caudal;1997-09-23;39;256;Cana De Azucar;259
Paco De Lucia;Fuente Y Caudal;1997-09-23;39;256;El Panuelo;327
Paco De Lucia;Fuente Y Caudal;1997-09-23;39;256;Callejon Del Muro;238
Paco De Lucia;Fuente Y Caudal;1997-09-23;39;256;Casilda;226
Paco De Lucia;Fuente Y Caudal;1997-09-23;39;256;Gloria Al Nino Ricardo;308
Paco De Lucia;Fuente Y Caudal;1997-09-23;39;256;Solo Quiero Caminar;376
Paco De Lucia;Fuente Y Caudal;1997-09-23;39;256;La Tumbona;259
Paco De Lucia;Fuente Y Caudal;1997-09-23;39;256;Convite;236
Paco De Lucia;Fuente Y Caudal;1997-09-23;39;256;Montiño;243
Paco De Lucia;Fuente Y Caudal;1997-09-23;39;256;Chanela;236
Paco De Lucia;Fuente Y Caudal;1997-09-23;39;256;Monasterio De Sal;293
Paco De Lucia;Fuente Y Caudal;1997-09-23;39;256;Pinonate;285
Paco De Lucia;Fuente Y Caudal;1997-09-23;39;256;Palenque;292
Paco De Lucia;Fuente Y Caudal;1997-09-23;39;256;Soniquete;453
Paco De Lucia;Fuente Y Caudal;1997-09-23;39;256;Tio Sabas;303
Paco De Lucia;Fuente Y Caudal;1997-09-23;39;256;Chick;225
Paco De Lucia;Fuente Y Caudal;1997-09-23;39;256;Compadres;314
Paco De Lucia;Fuente Y Caudal;1997-09-23;39;256;Zyryab;375
Paco De Lucia;Fuente Y Caudal;1997-09-23;39;256;Cancion De Amor;259
Paco De Lucia;Fuente Y Caudal;1997-09-23;39;256;Playa Del Carmen;267
Paco De Lucia;Fuente Y Caudal;1997-09-23;39;256;Almonte;332
Ricardo Arjona;Historias;1994-04-14;40;14;Si Yo Fuera;269
Ricardo Arjona;Historias;1994-04-14;40;14;Señora de las Cuatro Décadas;306
Ricardo Arjona;Historias;1994-04-14;40;14;Casa de Locos;179
Ricardo Arjona;Historias;1994-04-14;40;14;Historia de Taxi;405
Ricardo Arjona;Historias;1994-04-14;40;14;La Noche Te Trae Sorpresas;251
Ricardo Arjona;Historias;1994-04-14;40;14;Amor de Tele;200
Ricardo Arjona;Historias;1994-04-14;40;14;Te Conozco;252
Ricardo Arjona;Historias;1994-04-14;40;14;Historia del Portero;312
Ricardo Arjona;Historias;1994-04-14;40;14;Realmente No Estoy Tan Solo;233
Ricardo Arjona;Historias;1994-04-14;40;14;Del Otro Lado del Sol;285
Ricardo Arjona;Historias;1994-04-14;40;14;Me Están Jodiendo la Vida;270
Ricardo Arjona;Historias;1994-04-14;40;14;Ayúdame Freud;403
Ricardo Arjona;Historias;1994-04-14;40;14;Libre;211
Ricardo Arjona;Historias;1994-04-14;40;14;Chicos de Plástico;258
Ricky Martin;Vuelve;1998-02-10;41;14;Por Arriba, Por Abajo;188
Ricky Martin;Vuelve;1998-02-10;41;14;Vuelve;308
Ricky Martin;Vuelve;1998-02-10;41;14;Lola, Lola;286
Ricky Martin;Vuelve;1998-02-10;41;14;Casi un Bolero;280
Ricky Martin;Vuelve;1998-02-10;41;14;Corazonado;299
Ricky Martin;Vuelve;1998-02-10;41;14;La Bomba;274
Ricky Martin;Vuelve;1998-02-10;41;14;Hagamos El Amor;191
Ricky Martin;Vuelve;1998-02-10;41;14;La Copa de la Vida (La Canción Oficial de la Copa Mundial, Francia '98) - Spanish Version;268
Ricky Martin;Vuelve;1998-02-10;41;14;Perdido Sin Ti;250
Ricky Martin;Vuelve;1998-02-10;41;14;Asi Es La Vida;240
Ricky Martin;Vuelve;1998-02-10;41;14;Marcia Baila;239
Ricky Martin;Vuelve;1998-02-10;41;14;No Importa la Distancia (Go the Distance);291
Ricky Martin;Vuelve;1998-02-10;41;14;Gracias Por Pensar En Mi (A Via Lactea);351
Ricky Martin;Vuelve;1998-02-10;41;14;Casi Un Bolero - Instrumental;279
Roberto Carlos;Un Gato En La Oscuridad;1964;42;11;Un Gato en la Oscuridad - Un Gato en Blu;245
Roberto Carlos;Un Gato En La Oscuridad;1964;42;11;Amada Amante;260
Roberto Carlos;Un Gato En La Oscuridad;1964;42;11;Jesucristo (Jesús Cristo);197
Roberto Carlos;Un Gato En La Oscuridad;1964;42;11;Yo Te Amo, Yo Te Amo, Yo Te Amo (Eu Te Amo, Te Amo, Te Amo);240
Roberto Carlos;Un Gato En La Oscuridad;1964;42;11;Rosa, Rosita (Rosinha);179
Roberto Carlos;Un Gato En La Oscuridad;1964;42;11;Mi Cacharrito (Road Hog);150
Roberto Carlos;Un Gato En La Oscuridad;1964;42;11;Una Palabra Amiga;192
Roberto Carlos;Un Gato En La Oscuridad;1964;42;11;Nunca Más Te Dejaré Triste Amor;212
Roberto Carlos;Un Gato En La Oscuridad;1964;42;11;Ciudad;224
Roberto Carlos;Un Gato En La Oscuridad;1964;42;11;La Palabra Adiós;181
Roberto Carlos;Un Gato En La Oscuridad;1964;42;11;Detalles (Detalhes);308
Santana;Abraxas;1970-09-23;43;9;Singing Winds, Crying Beasts;291
Santana;Abraxas;1970-09-23;43;9;Black Magic Woman / Gypsy Queen;320
Santana;Abraxas;1970-09-23;43;9;Oye Como Va;257
Santana;Abraxas;1970-09-23;43;9;Incident at Neshabur;298
Santana;Abraxas;1970-09-23;43;9;Se a Cabo;170
Santana;Abraxas;1970-09-23;43;9;Mother's Daughter;265
Santana;Abraxas;1970-09-23;43;9;Samba Pa Ti;285
Santana;Abraxas;1970-09-23;43;9;Hope You're Feeling Better;251
Santana;Abraxas;1970-09-23;43;9;El Nicoya;89
Selena;Amor Prohibido;1994;44;12;Amor Prohibido;173
Selena;Amor Prohibido;1994;44;12;No Me Queda Más;201
Selena;Amor Prohibido;1994;44;12;Cobarde;172
Selena;Amor Prohibido;1994;44;12;Fotos Y Recuerdos;157
Selena;Amor Prohibido;1994;44;12;El Chico Del Apartamento 512;209
Selena;Amor Prohibido;1994;44;12;Bidi Bidi Bom Bom - 1994 Version;211
Selena;Amor Prohibido;1994;44;12;Techno Cumbia;227
Selena;Amor Prohibido;1994;44;12;Tus Desprecios;205
Selena;Amor Prohibido;1994;44;12;Si Una Vez;167
Selena;Amor Prohibido;1994;44;12;Ya No;235
Selena;Amor Prohibido;1994;44;12;Donde Quiera Que Estés;273
Selena;Amor Prohibido;1994;44;12;Spoken Liner Notes By The Band And Family;1443
Shakira;Pies Descalzos;1995-10-06;45;11;Estoy Aquí;232
Shakira;Pies Descalzos;1995-10-06;45;11;Antologia;254
Shakira;Pies Descalzos;1995-10-06;45;11;Un Poco de Amor;241
Shakira;Pies Descalzos;1995-10-06;45;11;Quiero;250
Shakira;Pies Descalzos;1995-10-06;45;11;Te Necesito;240
Shakira;Pies Descalzos;1995-10-06;45;11;Vuelve;234
Shakira;Pies Descalzos;1995-10-06;45;11;Te Espero Sentada;205
Shakira;Pies Descalzos;1995-10-06;45;11;Pies Descalzos, Sueños Blancos;206
Shakira;Pies Descalzos;1995-10-06;45;11;Pienso en Ti;146
Shakira;Pies Descalzos;1995-10-06;45;11;Donde Estas Corazon;232
Shakira;Pies Descalzos;1995-10-06;45;11;Se Quiere, Se Mata;218
Silvio Rodriguez;Unicornio;1982-01-01;46;10;Por Quien Merece Amor;370
Silvio Rodriguez;Unicornio;1982-01-01;46;10;La Gaviota;283
Silvio Rodriguez;Unicornio;1982-01-01;46;10;Son Desangrado;303
Silvio Rodriguez;Unicornio;1982-01-01;46;10;Pioneros;122
Silvio Rodriguez;Unicornio;1982-01-01;46;10;Hoy mi Deber;187
Silvio Rodriguez;Unicornio;1982-01-01;46;10;La Primera Mentira;206
Silvio Rodriguez;Unicornio;1982-01-01;46;10;Canción Urgente para Nicaragua;178
Silvio Rodriguez;Unicornio;1982-01-01;46;10;El Sol no da de Beber;357
Silvio Rodriguez;Unicornio;1982-01-01;46;10;La Maza;348
Silvio Rodriguez;Unicornio;1982-01-01;46;10;Unicornio;309
Soda Stereo;Canción Animal;1990-10-09;47;10;(En) El Séptimo Día - Remasterizado 2007;263
Soda Stereo;Canción Animal;1990-10-09;47;10;Un Millón De Años Luz - Remasterizado 2007;304
Soda Stereo;Canción Animal;1990-10-09;47;10;Canción Animal - Remasterizado 2007;247
Soda Stereo;Canción Animal;1990-10-09;47;10;1990 (Mil Nueve Noventa) - Remasterizado 2007;219
Soda Stereo;Canción Animal;1990-10-09;47;10;Sueles Dejarme Solo - Remasterizado 2007;227
Soda Stereo;Canción Animal;1990-10-09;47;10;De Música Ligera - Remasterizado 2007;213
Soda Stereo;Canción Animal;1990-10-09;47;10;Hombre Al Agua - Remasterizado 2007;355
Soda Stereo;Canción Animal;1990-10-09;47;10;Entre Caníbales - Remasterizado 2007;247
Soda Stereo;Canción Animal;1990-10-09;47;10;Té Para 3 - Remasterizado 2007;145
Soda Stereo;Canción Animal;1990-10-09;47;10;Cae El Sol - Remasterizado 2007;263
Tito Puente & Eddie Palmieri;Obra Maestra;2000-01-01;48;20;Hay Que Trabajar;346
Tito Puente & Eddie Palmieri;Obra Maestra;2000-01-01;48;20;Envuelvete Conmigo;273
Tito Puente & Eddie Palmieri;Obra Maestra;2000-01-01;48;20;Déjame Soñar;302
Tito Puente & Eddie Palmieri;Obra Maestra;2000-01-01;48;20;Salsumba;251
Tito Puente & Eddie Palmieri;Obra Maestra;2000-01-01;48;20;Celia Y Tito;359
Tito Puente & Eddie Palmieri;Obra Maestra;2000-01-01;48;20;Nuestro Amor;265
Tito Puente & Eddie Palmieri;Obra Maestra;2000-01-01;48;20;El Bribon Del Aguacero;282
Tito Puente & Eddie Palmieri;Obra Maestra;2000-01-01;48;20;Son Con Son;314
Tito Puente & Eddie Palmieri;Obra Maestra;2000-01-01;48;20;Bolero Medley: Mirame Mas / Ay Carino;356
Tito Puente & Eddie Palmieri;Obra Maestra;2000-01-01;48;20;El #100;358
Tito Puente & Eddie Palmieri;Obra Maestra;2000-01-01;48;20;Woodyn' You;349
Tito Puente & Eddie Palmieri;Obra Maestra;2000-01-01;48;20;Asia Mood;282
Tito Puente & Eddie Palmieri;Obra Maestra;2000-01-01;48;20;I Concentrate On You;382
Tito Puente & Eddie Palmieri;Obra Maestra;2000-01-01;48;20;Tito's Idea;227
Tito Puente & Eddie Palmieri;Obra Maestra;2000-01-01;48;20;Nica's Tempo;465
Tito Puente & Eddie Palmieri;Obra Maestra;2000-01-01;48;20;Para El Rey;452
Tito Puente & Eddie Palmieri;Obra Maestra;2000-01-01;48;20;Mambo Sentimental;206
Tito Puente & Eddie Palmieri;Obra Maestra;2000-01-01;48;20;Joy Spring;384
Tito Puente & Eddie Palmieri;Obra Maestra;2000-01-01;48;20;Yeah!;446
Tito Puente & Eddie Palmieri;Obra Maestra;2000-01-01;48;20;8 Timbales;191
Vicente Fernandez;El Ídolo De Mexico;1972;49;11;Si Acaso Vuelves;184
Vicente Fernandez;El Ídolo De Mexico;1972;49;11;Que Te Vaya Bonito;182
Vicente Fernandez;El Ídolo De Mexico;1972;49;11;Amor Indio;157
Vicente Fernandez;El Ídolo De Mexico;1972;49;11;El Rey;157
Vicente Fernandez;El Ídolo De Mexico;1972;49;11;Yo Quiero Ser Tu Amante;211
Vicente Fernandez;El Ídolo De Mexico;1972;49;11;Tu Amor Soñado;151
Vicente Fernandez;El Ídolo De Mexico;1972;49;11;El Arracadas;186
Vicente Fernandez;El Ídolo De Mexico;1972;49;11;El Precio;170
Vicente Fernandez;El Ídolo De Mexico;1972;49;11;No Vas a Creer;164
Vicente Fernandez;El Ídolo De Mexico;1972;49;11;Las Llaves de Mi Alma;176
Vicente Fernandez;El Ídolo De Mexico;1972;49;11;Volvió por Ella;193
