track,album,artist
What's Going On,What's Going On,Marvin Gaye
What's Happening Brother,What's Going On,Marvin Gaye
Flyin' High (In The Friendly Sky),What's Going On,Marvin Gaye
Save The Children,What's Going On,Marvin Gaye
God Is Love,What's Going On,Marvin Gaye
Mercy Mercy Me (The Ecology),What's Going On,Marvin Gaye
Right On,What's Going On,Marvin Gaye
Wholy Holy,What's Going On,Marvin Gaye
Inner City Blues (Make Me Wanna Holler),What's Going On,Marvin Gaye
Wouldn't It Be Nice - Mono / Remastered,Pet Sounds,The Beach Boys
You Still Believe In Me - Mono / Remastered,Pet Sounds,The Beach Boys
That's Not Me - Mono / Remastered,Pet Sounds,The Beach Boys
Don't Talk (Put Your Head On My Shoulder) - Mono / Remastered,Pet Sounds,The Beach Boys
I'm Waiting For The Day - Mono / Remastered,Pet Sounds,The Beach Boys
Let's Go Away For A While - Mono / Remastered,Pet Sounds,The Beach Boys
Sloop John B - Remastered,Pet Sounds,The Beach Boys
God Only Knows - Mono / 1997 Remastered,Pet Sounds,The Beach Boys
I Know There's An Answer - Mono / Remastered,Pet Sounds,The Beach Boys
Here Today - Mono / Remastered,Pet Sounds,The Beach Boys
I Just Wasn't Made For These Times - Mono / Remastered,Pet Sounds,The Beach Boys
Pet Sounds - Mono / Remastered,Pet Sounds,The Beach Boys
"Caroline, No - Mono / Remastered",Pet Sounds,The Beach Boys
Hang On To Your Ego,Pet Sounds,The Beach Boys
Wouldn't It Be Nice - Remastered 2000 / Stereo Mix,Pet Sounds,The Beach Boys
You Still Believe In Me - Stereo / Remastered,Pet Sounds,The Beach Boys
That's Not Me - Stereo / Remastered,Pet Sounds,The Beach Boys
Don't Talk (Put Your Head On My Shoulder) - Stereo / Remastered 1996,Pet Sounds,The Beach Boys
I'm Waiting For The Day - Stereo / Remastered,Pet Sounds,The Beach Boys
Let's Go Away For Awhile - Stereo / Remastered,Pet Sounds,The Beach Boys
Sloop John B - Stereo / Remastered,Pet Sounds,The Beach Boys
God Only Knows - Stereo / Remastered 1996,Pet Sounds,The Beach Boys
I Know There's An Answer - Stereo / Remastered,Pet Sounds,The Beach Boys
Here Today - Stereo / Remastered,Pet Sounds,The Beach Boys
I Just Wasn't Made For These Times - Stereo / Remastered,Pet Sounds,The Beach Boys
Pet Sounds - Stereo / Remastered,Pet Sounds,The Beach Boys
"Caroline, No - Stereo / Remastered",Pet Sounds,The Beach Boys
All I Want by KillBossa,Blue,Joni Mitchell
My Old Man by Bharathi Palivela & Daniel Fabricant,Blue,Joni Mitchell
Little Green by Kelly McFarling,Blue,Joni Mitchell
Carey by the Beth Custer Ensemble,Blue,Joni Mitchell
Blue by Kitka,Blue,Joni Mitchell
California by Amy X Neuburg,Blue,Joni Mitchell
This Flight Tonight by Adam Theis (feat. Aima the Dreamer & Erica Dee),Blue,Joni Mitchell
River by Suzy Thompson,Blue,Joni Mitchell
A Case of You by the Seshen,Blue,Joni Mitchell
Last Time I Saw Richard by Katy Stephan and Classical Revolution,Blue,Joni Mitchell
Love's In Need Of Love Today,Songs in the Key of Life,Stevie Wonder
Have A Talk With God,Songs in the Key of Life,Stevie Wonder
Village Ghetto Land,Songs in the Key of Life,Stevie Wonder
Contusion,Songs in the Key of Life,Stevie Wonder
Sir Duke,Songs in the Key of Life,Stevie Wonder
I Wish,Songs in the Key of Life,Stevie Wonder
Knocks Me Off My Feet,Songs in the Key of Life,Stevie Wonder
Pastime Paradise,Songs in the Key of Life,Stevie Wonder
Summer Soft,Songs in the Key of Life,Stevie Wonder
Ordinary Pain,Songs in the Key of Life,Stevie Wonder
Isn't She Lovely,Songs in the Key of Life,Stevie Wonder
Joy Inside My Tears,Songs in the Key of Life,Stevie Wonder
Black Man,Songs in the Key of Life,Stevie Wonder
Ngiculela-Es Una Historia-I Am Singing,Songs in the Key of Life,Stevie Wonder
If It's Magic,Songs in the Key of Life,Stevie Wonder
As,Songs in the Key of Life,Stevie Wonder
Another Star,Songs in the Key of Life,Stevie Wonder
Saturn,Songs in the Key of Life,Stevie Wonder
Ebony Eyes,Songs in the Key of Life,Stevie Wonder
All Day Sucker,Songs in the Key of Life,Stevie Wonder
Easy Goin' Evening (My Mama's Call),Songs in the Key of Life,Stevie Wonder
Come Together - Remastered 2009,Abbey Road,The Beatles
Something - Remastered 2009,Abbey Road,The Beatles
Maxwell's Silver Hammer - Remastered 2009,Abbey Road,The Beatles
Oh! Darling - Remastered 2009,Abbey Road,The Beatles
Octopus's Garden - Remastered 2009,Abbey Road,The Beatles
I Want You (She's So Heavy) - Remastered 2009,Abbey Road,The Beatles
Here Comes The Sun - Remastered 2009,Abbey Road,The Beatles
Because - Remastered 2009,Abbey Road,The Beatles
You Never Give Me Your Money - Remastered 2009,Abbey Road,The Beatles
Sun King - Remastered 2009,Abbey Road,The Beatles
Mean Mr Mustard - Remastered 2009,Abbey Road,The Beatles
Polythene Pam - Remastered 2009,Abbey Road,The Beatles
She Came In Through The Bathroom Window - Remastered 2009,Abbey Road,The Beatles
Golden Slumbers - Remastered 2009,Abbey Road,The Beatles
Carry That Weight - Remastered 2009,Abbey Road,The Beatles
The End - Remastered 2009,Abbey Road,The Beatles
Her Majesty - Remastered 2009,Abbey Road,The Beatles
